form	count	lemma	pos	nl
агарянскаго	1	ага́рянский	adj	Hagareens; van de Hagarenen (d.w.z. islamitisch, hier: Tataars)
агарянским	1	ага́рянский	adj	Hagareens; van de Hagarenen (d.w.z. islamitisch, hier: Tataars)
агарянскую	1	ага́рянский	adj	Hagareens; van de Hagarenen (d.w.z. islamitisch, hier: Tataars)
аллилуиа	12	аллилу́иа	interj	Alleluja
аминь	2	ами́нь	interj	Amen
ангел	3	а́нгел	n.m	engel
ангелы	2	а́нгел	n.m	engel
ангельскаго	1	а́нгельский	adj	engelachtig; der engelen
апостолов	2	апо́стол	n.m	apostel
арсению	1	Арсе́ний	n.prop	Arsenius (van Elassona, aartsbisschop van Soezdal)
архангел	1	арха́нгел	n.m	aartsengel
архангельский	1	арха́нгельский	adj	van de aartsengel; aartsengel-
архиереев	1	архиере́й	n.m	hiërarch; bisschop; hogepriester
бане	1	ба́ня	n.f	bad; wassing; badwater
бед	5	беда́	n.f	nood; rampspoed; onheil; ellende
бедах	3	беда́	n.f	nood; rampspoed; onheil; ellende
без	1	без	prep	zonder
безгласныя	1	безгла́сный	adj	stemloos; stom; sprakeloos
бездну	1	бе́здна	n.f	afgrond; diepte; peilloze diepte
бездны	1	бе́здна	n.f	afgrond; diepte; peilloze diepte
безмездное	1	безме́здный	adj	om niet; kosteloos; onbaatzuchtig
беснующиися	1	бесну́ющийся	part/n	bezetene; door demonen bezeten
благ	1	бла́го	n.n	het goede; goed; weldaad; zegening
благая	3	благи́й	adj	goed; goedgunstig; genadig
благим	1	благи́й	adj	goed; goedgunstig; genadig
благих	1	бла́го	n.n	het goede; goed; weldaad; zegening
благоволила	1	благоволи́ти	v	welbehagen hebben; zich verwaardigen; goedgunstig willen
благоговейно	2	благогове́йно	adv	eerbiedig; met ontzag; godvruchtig
благодарне	2	благода́рне	adv	dankbaar; met dankzegging
благодарными	1	благода́рный	adj	dankbaar
благодарственная	4	благода́рственный	adj	dank-; van dankzegging
благодарственно	1	благода́рственно	adv	dankzeggend; uit dankbaarheid
благодарственное	1	благода́рственный	adj	dank-; van dankzegging
благодаряще	1	благодари́ти	v	danken; dankzeggen
благодати	6	благода́ть	n.f	genade
благодатию	2	благода́ть	n.f	genade
благодатная	1	благода́тный	adj	begenadigd; genadevol; genade-
благодатней	2	благода́тный	adj	begenadigd; genadevol; genade-
благодатную	1	благода́тный	adj	begenadigd; genadevol; genade-
благодатныя	1	благода́тный	adj	begenadigd; genadevol; genade-
благодать	6	благода́ть	n.f	genade
благословенная	1	благослове́нный	adj	gezegend
благости	3	бла́гость	n.f	goedheid; goedertierenheid; welwillendheid
благоутробное	1	благоутро́бный	adj	barmhartig; vol tedere ontferming; goedhartig
благоухает	1	благоуха́ти	v	geuren; welriekend zijn; een heerlijke geur verspreiden
благохвалити	1	благохвали́ти	v	naar behoren prijzen; loven; roemen
благочестия	2	благоче́стие	n.n	godsvrucht; vroomheid; ware godsdienstigheid
блажат	1	блажи́ти	v	zalig prijzen; zalig spreken
блаженный	1	блаже́нный	adj	zalige; gelukzalige
блуждающих	1	блужда́ти	v	dwalen; ronddolen; verdwalen
бо	10	бо	conj	want; immers
бог	2	Бог	n.m	God
бога	8	Бог	n.m	God
богови	1	Бог	n.m	God
богоизбранная	3	Богоизбра́нный	adj	door God uitverkoren; Godsuitverkoren
богом	2	Бог	n.m	God
богоматере	5	Богома́ти	n.f	Moeder Gods; Godsmoeder
богоматери	1	Богома́ти	n.f	Moeder Gods; Godsmoeder
богоматерни	1	Богома́терний	adj	van de Moeder Gods; Godsmoederlijk
богоматерними	1	Богома́терний	adj	van de Moeder Gods; Godsmoederlijk
богоматерню	1	Богома́терний	adj	van de Moeder Gods; Godsmoederlijk
богомати	6	Богома́ти	n.f	Moeder Gods; Godsmoeder
богоноснеи	1	Богоно́сный	adj	Goddragend
богопознания	1	богопозна́ние	n.n	Godskennis; kennis van God
богородительнице	2	Богороди́тельница	n.f	Godbaarster; Moeder van God
богородице	10	Богоро́дица	n.f	Moeder Gods; Theotokos; Godbaarster
боготечная	1	боготе́чный	adj	door God geleid; naar God gaand; Godsgeleid
богу	12	Бог	n.m	God
божественнаго	2	Боже́ственный	adj	goddelijk
божественная	2	Боже́ственный	adj	goddelijk
божиею	1	Бо́жий	adj	Gods; van God; goddelijk
божия	7	Бо́жий	adj	Gods; van God; goddelijk
бозе	1	Бог	n.m	God
болезней	2	боле́знь	n.f	ziekte; lijden; smart; pijn
болезнех	1	боле́знь	n.f	ziekte; lijden; smart; pijn
больным	1	больны́й	adj/n	ziek (de zieken)
брани	2	брань	n.f	strijd; oorlog; slag; krijg
броне	1	броня́	n.f	pantser; harnas; borstwering
будущей	1	бу́дущий	adj	toekomstig; komend
бурю	1	бу́ря	n.f	storm; onweer
бывает	1	быва́ти	v	zijn; geschieden; plaatsvinden; worden
бывшая	1	быва́ти	v	zijn; geschieden; plaatsvinden; worden
бывши	1	быва́ти	v	zijn; geschieden; plaatsvinden; worden
быстрое	1	бы́стрый	adj	snel; vlug; spoedig
бысть	2	бы́ти	v	zijn; (бысть) was, geschiedde; (еси) gij zijt; (суть) zij zijn; (сущий) zijnde, die is
в	27	в, во	prep	in; naar; op; tot
вдов	1	вдова́	n.f	weduwe
вдовам	1	вдова́	n.f	weduwe
ведают	1	ве́дати, ве́дети	v	weten; kennen
ведуще	1	ве́дати, ве́дети	v	weten; kennen
веки	1	век	n.m	eeuw; eeuwigheid; (mv.) eeuwen
веков	1	век	n.m	eeuw; eeuwigheid; (mv.) eeuwen
великия	1	вели́кий	adj	groot
великолепое	1	великоле́пый	adj	grootluisterrijk; luisterrijk; majesteitelijk
величание	1	велича́ние	n.n	verheerlijking; grootmaking; lofprijzing
величающе	2	велича́ти	v	grootmaken; verheerlijken; verheffen
величия	2	вели́чие	n.n	grootheid; majesteit; (mv.) grote daden
венче	2	вене́ц	n.m	kroon; krans; kroon der overwinning
вера	1	ве́ра	n.f	geloof
верная	1	ве́рный	adj/n	gelovig; getrouw; (mv.) de gelovigen
верно	2	ве́рно	adv	gelovig; in geloof; getrouw
верным	1	ве́рный	adj/n	gelovig; getrouw; (mv.) de gelovigen
верных	5	ве́рный	adj/n	gelovig; getrouw; (mv.) de gelovigen
верою	8	ве́ра	n.f	geloof
верующе	1	ве́ровати	v	geloven
веры	1	ве́ра	n.f	geloof
весей	1	весь (село)	n.f	dorp
веселие	4	весе́лие	n.n	vreugde; blijdschap; verheuging
веси	1	весь (село)	n.f	dorp
весь	2	весь (весь, вся, все)	pron	al; geheel; alle; allen
вечнаго	1	ве́чный	adj	eeuwig
вечных	1	ве́чный	adj	eeuwig
взирающе	1	взира́ти	v	opzien; aanschouwen; de blik richten op
взята	1	взя́ти	v	nemen; opnemen
видев	2	ви́дети	v	zien
видим	1	ви́дети	v	zien
видящи	1	ви́дети	v	zien
вития	1	вити́я	n.m	redenaar; retor; welsprekende
владычице	6	Влады́чица	n.f	Gebiedster; Meesteres; Vrouwe; Heerseres
властем	1	власть	n.f	gezag; overheid; (mv.) de autoriteiten
вместила	1	вмести́ти	v	bevatten; omvatten; in zich opnemen
вместилище	2	вмести́лище	n.n	vat; verblijfplaats; woonstede; omvatting
во	16	в, во	prep	in; naar; op; tot
вожделенная	1	вожделе́нный	adj	vurig verlangd; begeerd; gewenst
воздвигнутую	1	воздви́гнути	v	oprichten; verwekken; opwekken
возжигает	1	возжига́ти	v	ontsteken; aansteken
воззри	1	воззре́ти	v	aanzien; de blik richten op; zie (neer)
возлагающе	1	возлага́ти, возложи́ти	v	leggen op; stellen (hoop) op
возложивше	1	возлага́ти, возложи́ти	v	leggen op; stellen (hoop) op
возможна	1	возмо́жный	adj	mogelijk
возопи	1	возопи́ти	v	uitroepen; luid roepen
возопиша	1	возопи́ти	v	uitroepen; luid roepen
возсиявши	1	возсия́ти	v	opstralen; opgaan (van licht); schitteren
возстают	1	возстава́ти	v	opstaan; zich oprichten
воини	1	во́ин	n.m	krijger; krijgsman; soldaat
воинов	2	во́ин	n.m	krijger; krijgsman; soldaat
воинства	1	во́инство	n.n	leger; krijgsmacht; heerschaar; heer
воинству	3	во́инство	n.n	leger; krijgsmacht; heerschaar; heer
воистинну	2	вои́стинну	adv	waarlijk; in waarheid
воня	1	воня́	n.f	geur; welriekende geur
вопием	11	вопи́ти	v	roepen; uitroepen; aanroepen
вопиют	2	вопи́ти	v	roepen; uitroepen; aanroepen
вопиюще	1	вопи́ти	v	roepen; uitroepen; aanroepen
вопиющим	1	вопи́ти	v	roepen; uitroepen; aanroepen
вопиющих	5	вопи́ти	v	roepen; uitroepen; aanroepen
вопияше	1	вопи́ти	v	roepen; uitroepen; aanroepen
воплощашеся	2	воплоща́тися	v	vlees worden; mens worden; zich belichamen
воспеваем	1	воспева́ти	v	bezingen; lofzingen; loven in gezang
воспевают	1	воспева́ти	v	bezingen; lofzingen; loven in gezang
воспевающе	1	воспева́ти	v	bezingen; lofzingen; loven in gezang
восприемши	1	восприя́ти	v	ontvangen; in zich opnemen
восходит	1	восходи́ти	v	opstijgen; opgaan; overgaan op
восхотевши	1	восхоте́ти	v	willen; wensen; verlangen
врага	1	враг	n.m	vijand
врагами	1	враг	n.m	vijand
враги	1	враг	n.m	vijand
врагов	3	враг	n.m	vijand
вражия	1	вра́жий	adj	vijandelijk; van de vijand
вразумлению	1	вразумле́ние	n.n	verstandsverlichting; onderrichting; ingegeven inzicht
врачевство	1	врачевство́	n.n	geneesmiddel; medicijn; genezing
времена	1	вре́мя	n.n	tijd
временней	1	вре́менный	adj	tijdelijk; vergankelijk; van dit tijdelijke leven
все	3	весь (весь, вся, все)	pron	al; geheel; alle; allen
всевышняго	1	Всевы́шний	adj/n	Allerhoogste
всегда	2	всегда́	adv	altijd; steeds
всем	6	весь (весь, вся, все)	pron	al; geheel; alle; allen
всеми	2	весь (весь, вся, все)	pron	al; geheel; alle; allen
всемилостивая	4	Всеми́лостивый	adj	Albarmhartige; Alontfermende
всенепорочная	1	Всенепоро́чный	adj	Alonbevlekte; Alreine; geheel onbevlekte
всепетая	1	Всепе́тый	adj	Alombezongene; Algeprezene; door allen bezongen
всесильная	1	Всеси́льный	adj	Almachtige; Alsterke
всех	23	весь (весь, вся, все)	pron	al; geheel; alle; allen
всея	1	весь (весь, вся, все)	pron	al; geheel; alle; allen
вси	4	весь (весь, вся, все)	pron	al; geheel; alle; allen
всю	1	весь (весь, вся, все)	pron	al; geheel; alle; allen
вся	3	весь (весь, вся, все)	pron	al; geheel; alle; allen
всяк	1	вся́кий	pron/adj	ieder; elk; allerlei; alle
всякаго	1	вся́кий	pron/adj	ieder; elk; allerlei; alle
всяких	3	вся́кий	pron/adj	ieder; elk; allerlei; alle
всякия	2	вся́кий	pron/adj	ieder; elk; allerlei; alle
всякой	1	вся́кий	pron/adj	ieder; elk; allerlei; alle
выну	4	вы́ну	adv	altijd; voortdurend; te allen tijde
высоты	1	высота́	n.f	hoogte
вышняго	3	Вы́шний	adj/n	Allerhoogste; de Hoogste
вышшая	1	вы́шший	adj.comp	hoger; verhevener
глада	1	глад	n.m	honger; hongersnood
глас	1	глас	n.m	stem; roep; klank
глубины	1	глубина́	n.f	diepte
глубоце	1	глубо́кий	adj	diep
гневнаго	1	гне́вный	adj	toornig; van (Gods) toorn
гордыни	1	горды́ня	n.f	hoogmoed; trots; hovaardij
горе	1	горе́	adv	omhoog; boven; in den hoge
господа	1	Госпо́дь	n.m	Heer; de Here
господе	1	Госпо́дь	n.m	Heer; de Here
господем	1	Госпо́дь	n.m	Heer; de Here
господня	1	Госпо́день	adj	des Heren; van de Heer
господь	1	Госпо́дь	n.m	Heer; de Here
госпоже	4	Госпожа́	n.f	Vrouwe; Gebiedster; Meesteres
готовый	1	гото́вый	adj	gereed; bereid
град	1	град	n.m	stad
града	3	град	n.m	stad
граде	2	град	n.m	stad
градех	1	град	n.m	stad
градов	2	град	n.m	stad
градом	1	град	n.m	stad
граду	1	град	n.m	stad
грады	2	град	n.m	stad
грехов	2	грех	n.m	zonde
греховных	1	грехо́вный	adj	zondig; van de zonde
греховныя	2	грехо́вный	adj	zondig; van de zonde
грешнии	3	гре́шный	adj/n	zondig; (zn.) zondaar
грешным	1	гре́шный	adj/n	zondig; (zn.) zondaar
грешных	3	гре́шный	adj/n	zondig; (zn.) zondaar
грозное	1	гро́зный	adj	dreigend; geducht; vreselijk
да	10	да	conj/part	opdat; dat; moge; laat
данному	1	да́ти, дая́ти	v	geven
дар	1	дар	n.m	gave; geschenk
дара	1	дар	n.m	gave; geschenk
даровала	1	дарова́ти	v	schenken; verlenen; geven
дарование	1	дарова́ние	n.n	schenking; verlening; gave
даровася	1	дарова́тися	v	geschonken worden; verleend worden
даруй	2	дарова́ти	v	schenken; verlenen; geven
дарующая	1	дарова́ти	v	schenken; verlenen; geven
дарующи	1	дарова́ти	v	schenken; verlenen; geven
дати	1	да́ти, дая́ти	v	geven
дающаго	1	да́ти, дая́ти	v	geven
дев	2	де́ва	n.f	maagd
девам	1	де́ва	n.f	maagd
дево	5	де́ва	n.f	maagd
девства	2	де́вство	n.n	maagdelijkheid
девствующим	1	де́вствовати	v	in maagdelijkheid leven; maagdelijk leven
дел	1	де́ло	n.n	daad; werk
делех	1	де́ло	n.n	daad; werk
демони	1	де́мон	n.m	demon
демонское	1	де́монский	adj	demonisch; van demonen
день	2	день	n.m	dag
державный	1	держа́вный	adj	machtig; heersend; soeverein
державным	1	держа́вный	adj	machtig; heersend; soeverein
держимым	1	держа́ти	v	houden; dragen
дерзающи	1	дерза́ти	v	wagen; durven; moed vatten
дерзновение	1	дерзнове́ние	n.n	vrijmoedigheid; vrijmoedige toegang; vertrouwen
дивное	1	ди́вный	adj	wonderbaar; wonderbaarlijk; verwonderlijk
дивному	1	ди́вный	adj	wonderbaar; wonderbaarlijk; verwonderlijk
дивящеся	1	диви́тися	v	zich verwonderen; verbaasd staan
дланию	1	длань	n.f	handpalm; hand
дни	2	день	n.m	dag
до	2	до	prep	tot; tot aan
добрая	1	до́брый	adj	goed; deugdelijk; edel
доброе	2	до́брый	adj	goed; deugdelijk; edel
добрых	1	до́брый	adj	goed; deugdelijk; edel
добрыя	1	до́брый	adj	goed; deugdelijk; edel
доме	1	дом	n.m	huis
домы	1	дом	n.m	huis
достоянию	1	достоя́ние	n.n	waardigheid; (по достоянию) naar waarde, naar behoren
древле	2	дре́вле	adv	oudtijds; weleer; vanouds
древняя	1	дре́вний	adj	oud; aloud
дух	1	дух	n.m	geest; Geest (Heilige)
духа	1	дух	n.m	geest; Geest (Heilige)
духом	1	дух	n.m	geest; Geest (Heilige)
душевно	1	душе́вно	adv	naar de ziel; in de ziel
душевных	1	душе́вный	adj	van de ziel; ziels-
душевредных	1	душевре́дный	adj	zielsverderfelijk; schadelijk voor de ziel
душепагубнаго	1	душепа́губный	adj	zielsverdervend; zielsdodend
душеполезных	1	душеполе́зный	adj	zielsnuttig; heilzaam voor de ziel
душею	1	душа́	n.f	ziel
души	2	душа́	n.f	ziel
егда	2	егда́	conj	toen; wanneer
его	2	он, она, они	pron	hij; zij; (Еюже) door wie; (Еяже ради) om wier wil; (егоже) hetwelk, waarvoor
егоже	1	он, она, они	pron	hij; zij; (Еюже) door wie; (Еяже ради) om wier wil; (егоже) hetwelk, waarvoor
единая	1	еди́ный	adj/num	enige; ene; enkele
еже	1	е́же	conj	(во еже + inf.) om te; opdat
ей	1	он, она, они	pron	hij; zij; (Еюже) door wie; (Еяже ради) om wier wil; (егоже) hetwelk, waarvoor
елей	1	еле́й	n.m	olie (olijfolie); zalfolie
ему	2	он, она, они	pron	hij; zij; (Еюже) door wie; (Еяже ради) om wier wil; (егоже) hetwelk, waarvoor
ересей	1	е́ресь	n.f	ketterij; dwaalleer
ермоген	1	Ермоге́н	n.prop	Hermogenes (Germogen), patriarch van Moskou
еси	12	бы́ти	v	zijn; (бысть) was, geschiedde; (еси) gij zijt; (суть) zij zijn; (сущий) zijnde, die is
естества	1	естество́	n.n	natuur; wezen; aard
еюже	1	он, она, они	pron	hij; zij; (Еюже) door wie; (Еяже ради) om wier wil; (егоже) hetwelk, waarvoor
ея	5	он, она, они	pron	hij; zij; (Еюже) door wie; (Еяже ради) om wier wil; (егоже) hetwelk, waarvoor
еяже	2	он, она, они	pron	hij; zij; (Еюже) door wie; (Еяже ради) om wier wil; (егоже) hetwelk, waarvoor
же	6	же	part	echter; maar; (nadruk)
жен	1	жена́	n.f	vrouw
женах	1	жена́	n.f	vrouw
живоносный	2	живоно́сный	adj	levenbrengend; levendragend; levenschenkend
живота	2	живо́т	n.m	leven
животная	1	живо́тный	adj	des levens; levend; levengevend
жизни	3	жизнь	n.f	leven
жилища	1	жили́ще	n.n	woning; verblijf; woonstede
жилище	1	жили́ще	n.n	woning; verblijf; woonstede
житие	2	житие́	n.n	leven; levenswandel; levenswijze
жития	1	житие́	n.n	leven; levenswandel; levenswijze
за	4	за	prep	voor; ten behoeve van
заблуждений	1	заблужде́ние	n.n	dwaling; verdwazing
забрало	1	забра́ло	n.n	borstwering; bolwerk; wal; vestingmuur
заступай	2	заступа́ти	v	beschermen; verdedigen; het opnemen voor
заступление	1	заступле́ние	n.n	bescherming; voorspraak; bijstand
заступления	1	заступле́ние	n.n	bescherming; voorspraak; bijstand
заступница	2	Засту́пница	n.f	Beschermvrouwe; Beschermster; Voorspreekster; Bijstand
заступнице	19	Засту́пница	n.f	Beschermvrouwe; Beschermster; Voorspreekster; Bijstand
заступницу	1	Засту́пница	n.f	Beschermvrouwe; Beschermster; Voorspreekster; Bijstand
зачала	1	зача́ти	v	ontvangen (zwanger worden)
защищаеши	1	защища́ти	v	verdedigen; beschermen
защищение	1	защище́ние	n.n	verdediging; bescherming
звезда	1	звезда́	n.f	ster
здравие	1	здра́вие	n.n	gezondheid
земли	7	земля́	n.f	aarde; land
земных	1	земны́й	adj	aards
земныя	2	земны́й	adj	aards
зловерием	1	злове́рие	n.n	kwaad geloof; valse godsdienst; wangeloof
зловерия	1	злове́рие	n.n	kwaad geloof; valse godsdienst; wangeloof
злых	1	злый	adj	kwaad; boos; slecht
злыя	1	злый	adj	kwaad; boos; slecht
знамение	1	зна́мение	n.n	teken; wonderteken
знамения	2	зна́мение	n.n	teken; wonderteken
знаменьми	1	зна́мение	n.n	teken; wonderteken
знамя	1	зна́мя	n.n	vaandel; banier; standaard
знаний	1	зна́ние	n.n	kennis
зовем	3	зва́ти	v	roepen; aanroepen
зол	2	зло	n.n	kwaad; (mv.) kwaden, rampen
зрение	1	зре́ние	n.n	gezicht; gezichtsvermogen
зрим	1	зре́ти	v	aanschouwen; zien
и	119	и	conj	en; ook; zelfs
ибо	1	и́бо	conj	want; immers
идеже	1	иде́же	adv/conj	waar
из	2	из	prep	uit
избави	1	изба́вити	v	verlossen; bevrijden; redden
избавити	1	изба́вити	v	verlossen; bevrijden; redden
избавление	7	избавле́ние	n.n	verlossing; bevrijding; redding
избавлении	1	избавле́ние	n.n	verlossing; bevrijding; redding
избавльшая	1	изба́вити	v	verlossen; bevrijden; redden
избавляются	1	избавля́ти(ся)	v	verlossen; bevrijden; (refl.) verlost worden
избавляющая	1	избавля́ти(ся)	v	verlossen; bevrijden; (refl.) verlost worden
избавляющи	1	избавля́ти(ся)	v	verlossen; bevrijden; (refl.) verlost worden
избранной	2	избра́нный	adj/part	uitverkoren; verkoren
известная	1	изве́стный	adj	zeker; betrouwbaar; welbekend; vaststaand
известное	1	изве́стный	adj	zeker; betrouwbaar; welbekend; vaststaand
израстившая	1	израсти́ти	v	doen groeien; voortbrengen; doen ontspruiten
изумевает	1	изумева́ти	v	verbijsterd staan; niet bij machte zijn; buiten zichzelf raken
иисуса	1	Иису́с	n.prop	Jezus
иисусом	1	Иису́с	n.prop	Jezus
икон	1	ико́на	n.f	icoon; ikoon; beeld
икона	3	ико́на	n.f	icoon; ikoon; beeld
иконам	1	ико́на	n.f	icoon; ikoon; beeld
иконах	1	ико́на	n.f	icoon; ikoon; beeld
иконе	3	ико́на	n.f	icoon; ikoon; beeld
иконою	4	ико́на	n.f	icoon; ikoon; beeld
икону	5	ико́на	n.f	icoon; ikoon; beeld
иконы	13	ико́на	n.f	icoon; ikoon; beeld
им	1	он, она, они	pron	hij; zij; (Еюже) door wie; (Еяже ради) om wier wil; (егоже) hetwelk, waarvoor
имамы	3	име́ти	v	hebben
имаши	1	име́ти	v	hebben
имеющи	1	име́ти	v	hebben
имущим	1	име́ти	v	hebben
имя	1	и́мя	n.n	naam
иноплеменных	2	иноплеме́нный	adj/n	vreemd; van een ander volk; (mv.) vreemde volken, vreemdelingen
иноческое	1	и́ноческий	adj	monastiek; kloosterlijk; van het monnikenleven
иныя	3	и́ный	adj/pron	ander
исканию	1	иска́ние	n.n	zoeken; het zoeken
искушений	1	искуше́ние	n.n	verzoeking; bekoring; beproeving
исповедание	2	испове́дание	n.n	belijdenis; geloofsbelijdenis
исповедати	1	испове́дати	v	belijden; verkondigen; openlijk erkennen
исполнения	1	исполне́ние	n.n	vervulling; volheid
исполни	2	испо́лнити	v	vervullen; vervul
исправление	2	исправле́ние	n.n	terechtbrenging; verbetering; correctie
истекают	1	истека́ти	v	uitstromen; uitvloeien
истинное	1	и́стинный	adj	waar; waarachtig
источающая	1	источа́ти, источи́ти	v	doen (uit)stromen; uitgieten; doen ontspringen
источила	1	источа́ти, источи́ти	v	doen (uit)stromen; uitgieten; doen ontspringen
источник	1	исто́чник	n.m	bron; wel
источниче	1	исто́чник	n.m	bron; wel
исхитиша	1	исхи́тити	v	ontrukken; wegrukken; met geweld bevrijden
исцеление	3	исцеле́ние	n.n	genezing; heling
исцеляются	1	исцеля́тися	v	genezen worden
их	3	он, она, они	pron	hij; zij; (Еюже) door wie; (Еяже ради) om wier wil; (егоже) hetwelk, waarvoor
ищущи	1	иска́ти	v	zoeken
ищущих	1	иска́ти	v	zoeken
к	18	к, ко	prep	tot; naar
казани	1	Каза́нь	n.prop	Kazan
казанской	1	Каза́нский	adj	van Kazan; Kazanse
како	1	ка́ко	adv/conj	hoe
камень	1	ка́мень	n.m	steen; rots
кающихся	1	ка́ятися	v	zich bekeren; berouw hebben; boete doen
клас	1	клас	n.m	korenaar; aar
ко	4	к, ко	prep	tot; naar
козни	2	кознь	n.f	listen; lagen; kuiperijen; boze plannen
конца	2	коне́ц	n.m	einde
крамолы	2	крамо́ла	n.f	oproer; opstand; muiterij; tweedracht
крепкую	1	кре́пкий	adj	sterk; krachtig; machtig
крепосте	1	кре́пость	n.f	sterkte; kracht; vesting; bolwerk
кресте	1	крест	n.m	kruis
лесть	1	лесть	n.f	bedrog; verleiding; dwaling; misleiding
ликовствует	1	ликовствова́ти	v	jubelen; juichen; in koor feestvieren
лица	1	лице́	n.n	aangezicht; gelaat
лицы	1	лик	n.m	koor; rei; schare
лобызаем	1	лобыза́ти	v	kussen; omhelzen
лобызающе	1	лобыза́ти	v	kussen; omhelzen
лучами	2	луча́	n.f	straal; lichtstraal
любезно	1	любе́зно	adv	liefdevol; met liefde
любовию	2	любо́вь	n.f	liefde
любовь	1	любо́вь	n.f	liefde
людем	1	лю́дие	n.pl	volk; mensen
людех	1	лю́дие	n.pl	volk; mensen
люди	2	лю́дие	n.pl	volk; mensen
людие	4	лю́дие	n.pl	volk; mensen
лютых	1	лю́тый	adj	wreed; fel; bitter; zwaar
малое	1	ма́лый	adj	klein; gering
марие	1	Мари́я	n.prop	Maria
матернее	1	Ма́терний	adj	moederlijk; van een moeder
матерними	1	Ма́терний	adj	moederlijk; van een moeder
матернюю	1	Ма́терний	adj	moederlijk; van een moeder
матерь	1	Ма́ти	n.f	moeder
мати	9	Ма́ти	n.f	moeder
мглу	1	мгла	n.f	nevel; duisternis; mist
милосердая	1	милосе́рдый	adj	barmhartig; ontfermend
милостей	1	ми́лость	n.f	ontferming; barmhartigheid; genade; goedertierenheid
милости	5	ми́лость	n.f	ontferming; barmhartigheid; genade; goedertierenheid
милость	3	ми́лость	n.f	ontferming; barmhartigheid; genade; goedertierenheid
мир	2	мир (вселенная)	n.m	wereld
мир	2	мир (покой)	n.m	vrede
мира	1	мир (покой)	n.m	vrede
мире	1	мир (покой)	n.m	vrede
мирное	1	ми́рный	adj	vreedzaam; vredig
мирну	1	ми́рный	adj	vreedzaam; vredig
мирстии	1	мирски́й	adj/n	wereldlijk; (mv.) leken
миру	2	мир (вселенная)	n.m	wereld
младенца	2	Младе́нец	n.m	Kind; Kindje
младенцем	1	Младе́нец	n.m	Kind; Kindje
многия	2	мно́гий	adj	veel; vele
много	1	мно́го	adv	veel; zeer
многовещанныя	1	многовеща́нный	adj	welsprekend; veelsprekend; woordenrijk
многотекущая	1	многотеку́щий	adj	rijk stromend; overvloedig vloeiend
многоценнаго	1	многоце́нный	adj	kostbaar; van grote waarde
множества	1	мно́жество	n.n	menigte; veelheid; groot aantal
множество	1	мно́жество	n.n	menigte; veelheid; groot aantal
может	1	мощи́	v	kunnen; vermogen
моление	1	моле́ние	n.n	smeekbede; gebed; smeking
моления	1	моле́ние	n.n	smeekbede; gebed; smeking
молим	1	моли́ти(ся)	v	bidden; smeken
молитва	1	моли́тва	n.f	gebed
молитвами	1	моли́тва	n.f	gebed
молитвы	1	моли́тва	n.f	gebed
молиши	1	моли́ти(ся)	v	bidden; smeken
молние	1	мо́лния	n.f	bliksem
моляшеся	1	моли́ти(ся)	v	bidden; smeken
молящимся	1	моли́ти(ся)	v	bidden; smeken
молящихся	1	моли́ти(ся)	v	bidden; smeken
молящияся	1	моли́ти(ся)	v	bidden; smeken
монаси	1	мона́х	n.m	monnik
морю	1	мо́ре	n.n	zee
моя	1	мой	pron	mijn
мрак	1	мрак	n.m	duisternis; donkerheid
мудрая	1	му́дрый	adj	wijs
мученическое	2	му́ченический	adj	van de martelaren; martelaars-
мы	5	мы	pron	wij; ons
на	16	на	prep	op; tegen; naar
навета	1	наве́т	n.m	laster; kwade opzet; aanslag; boze toeleg
нагих	1	наги́й	adj/n	naakt; (mv.) de naakten
надеждо	2	наде́жда	n.f	hoop
надеждою	1	наде́жда	n.f	hoop
надежду	1	наде́жда	n.f	hoop
надежды	1	наде́жда	n.f	hoop
надеяние	1	надея́ние	n.n	hoop; verwachting
нам	7	мы	pron	wij; ons
намерением	1	наме́рение	n.n	voornemen; bedoeling; opzet
напастей	2	напа́сть	n.f	tegenspoed; onheil; aanvechting; beproeving
напастех	2	напа́сть	n.f	tegenspoed; onheil; aanvechting; beproeving
напрасныя	1	напра́сный	adj	plotseling; onverwacht
народу	1	наро́д	n.m	volk; natie
нас	7	мы	pron	wij; ons
наследники	1	насле́дник	n.m	erfgenaam
наставляющая	1	наставля́ти	v	leiden; op de weg brengen; onderrichten
наставляющи	1	наставля́ти	v	leiden; op de weg brengen; onderrichten
наставнице	2	Наста́вница	n.f	Leidsvrouw; Onderwijzeres; Lerares
настоящая	1	настоя́щий	adj	tegenwoordig; huidig
находящих	1	находи́ти	v	overkomen; overvallen; treffen
начало	1	нача́ло	n.n	begin; aanvang
начинания	1	начина́ние	n.n	onderneming; begonnen werk; plan
наш	1	наш	pron	ons; onze
наша	3	наш	pron	ons; onze
наше	3	наш	pron	ons; onze
нашего	4	наш	pron	ons; onze
нашей	1	наш	pron	ons; onze
нашем	1	наш	pron	ons; onze
нашему	1	наш	pron	ons; onze
нашествия	2	наше́ствие	n.n	inval; invasie; aanval
нашим	1	наш	pron	ons; onze
наших	3	наш	pron	ons; onze
нашу	4	наш	pron	ons; onze
не	7	не	part	niet
неба	1	не́бо	n.n	hemel
небесе	2	не́бо	n.n	hemel
небеси	1	не́бо	n.n	hemel
небеснаго	3	небе́сный	adj	hemels
небесный	1	небе́сный	adj	hemels
небесным	1	небе́сный	adj	hemels
небесныя	2	небе́сный	adj	hemels
небурное	1	небу́рный	adj	stormvrij; windstil; ongestoord
неверия	1	неве́рие	n.n	ongeloof
неверных	2	неве́рный	adj/n	ongelovig; (mv.) ongelovigen
неверующим	1	неве́рующий	part/n	ongelovige; wie niet gelooft
невесто	1	Неве́ста	n.f	Bruid
невещественный	1	невеще́ственный	adj	onstoffelijk; immaterieel
невместимаго	2	Невмести́мый	adj/n	de Onomvatbare; de Onbevatbare; de Onbegrensde
невозвратно	1	невозвра́тно	adv	onherroepelijk; onwankelbaar; zonder terug te keren
недоумеет	1	недоуме́ти	v	niet bij machte zijn; geen raad weten; verlegen staan
недуг	2	неду́г	n.m	kwaal; ziekte; gebrek
недугов	1	неду́г	n.m	kwaal; ziekte; gebrek
незыблему	1	незы́блемый	adj	onwankelbaar; onwrikbaar; onaantastbaar
неизреченныя	1	неизрече́нный	adj	onuitsprekelijk; onzegbaar
неистощимую	1	неистощи́мый	adj	onuitputtelijk; nooit opdrogend
неистощимый	1	неистощи́мый	adj	onuitputtelijk; nooit opdrogend
ней	1	он, она, они	pron	hij; zij; (Еюже) door wie; (Еяже ради) om wier wil; (егоже) hetwelk, waarvoor
немощным	1	немощны́й	adj/n	zwak; krachteloos; (mv.) de zwakken
ненадежных	1	ненаде́жный	adj/n	hopeloos; (mv.) zij die geen hoop hebben
неневестная	1	Неневе́стный	adj	ongehuwd; onbruide; die geen bruidegom kende
неоскудныя	1	неоску́дный	adj	nooit ontbrekend; onuitputtelijk; nimmer verminderend
непобедимое	1	непобеди́мый	adj	onoverwinnelijk
непобедиму	1	непобеди́мый	adj	onoverwinnelijk
непорочнаго	1	непоро́чный	adj	onbevlekt; smetteloos; onberispelijk
непостыдное	1	непосты́дный	adj	dat niet beschaamt; niet beschamend; onbeschaamd
непрестанными	1	непреста́нный	adj	onophoudelijk; aanhoudend
несокрушимый	1	несокруши́мый	adj	onverbrekelijk; onvernietigbaar; onverwoestbaar
несомненное	1	несомне́нный	adj	ontwijfelbaar; zeker; onbetwijfelbaar
несумненная	1	несумне́нный	adj	ontwijfelbaar; onwankelbaar; zeker
несумненною	1	несумне́нный	adj	ontwijfelbaar; onwankelbaar; zeker
неуязвимая	1	неуязви́мый	adj	onkwetsbaar
нечестия	1	нече́стие	n.n	goddeloosheid; oneerbiedigheid; boosheid
нею	1	он, она, они	pron	hij; zij; (Еюже) door wie; (Еяже ради) om wier wil; (егоже) hetwelk, waarvoor
низложение	2	низложе́ние	n.n	neerwerping; omverwerping; nederlaag
нищих	1	ни́щий	adj/n	arm; behoeftig; (mv.) de armen
но	1	но	conj	maar
новаго	1	но́вый	adj	nieuw
новопросвещенней	1	новопросвеще́нный	adj	pasverlicht; nieuw-verlicht (d.w.z. pas gekerstend)
новопросвещеннем	1	новопросвеще́нный	adj	pasverlicht; nieuw-verlicht (d.w.z. pas gekerstend)
новопросвещенных	1	новопросвеще́нный	adj	pasverlicht; nieuw-verlicht (d.w.z. pas gekerstend)
новы	1	но́вый	adj	nieuw
носила	1	носи́ти	v	dragen
носящаго	1	носи́ти	v	dragen
нуждах	3	нужда́	n.f	nood; behoefte; benauwdheid
нужды	1	нужда́	n.f	nood; behoefte; benauwdheid
ныне	4	ны́не	adv	nu; thans
о	14	о	interj	o
о	14	о, об	prep	over; aangaande; om; voor
об	1	о, об	prep	over; aangaande; om; voor
обаче	1	оба́че	conj/adv	evenwel; nochtans; echter
обеты	1	обе́т	n.m	gelofte
обидимых	1	оби́димый	part/n	verongelijkt; verdrukt; (mv.) de verongelijkten
обители	1	оби́тель	n.f	klooster; woonstede; verblijf
обличающая	1	облича́ти	v	ontmaskeren; aan het licht brengen; bestraffen; weerleggen
обличение	2	обличе́ние	n.n	ontmaskering; weerlegging; bestraffing; terechtwijzing
образ	1	о́браз	n.m	beeld; icoon; afbeelding
образом	2	о́браз	n.m	beeld; icoon; afbeelding
образу	1	о́браз	n.m	beeld; icoon; afbeelding
обретшая	1	обрести́	v	vinden; verkrijgen
обретши	1	обрести́	v	vinden; verkrijgen
обстояниих	1	обстоя́ние	n.n	benauwdheid; benarde omstandigheid; belegering; nood
обстояний	1	обстоя́ние	n.n	benauwdheid; benarde omstandigheid; belegering; nood
обтекающая	1	обтека́ти	v	omlopen; rondstromen door; omcirkelen
огнь	1	огнь	n.m	vuur
огня	1	огнь	n.m	vuur
ограждаеши	1	огражда́ти	v	omheinen; beschutten; beschermen
ограждение	5	огражде́ние	n.n	omheining; beschutting; bolwerk; schutsmuur
одеяние	1	одея́ние	n.n	kleed; kleding; bekleding
одигитрия	1	Одиги́трия	n.prop	Hodegetria; Wegwijzeres; Zij die de weg wijst
одоление	1	одоле́ние	n.n	overwinning; het overwinnen
одушевленный	1	одушевле́нный	adj	bezield; levend
оживляющая	1	оживля́ти	v	levend maken; verlevendigen; doen herleven
озаряет	1	озаря́ти	v	verlichten; bestralen; doen oplichten
озаряющая	1	озаря́ти	v	verlichten; bestralen; doen oplichten
озаряющи	1	озаря́ти	v	verlichten; bestralen; doen oplichten
омраченных	2	омраче́нный	adj/part	verduisterd; in duisternis gehuld; verblind
омывающая	1	омыва́ти	v	afwassen; reinigen
оружие	1	ору́жие	n.n	wapen
освящение	2	освяще́ние	n.n	heiliging; wijding
освященная	1	освяти́ти	v	heiligen
осенением	1	осене́ние	n.n	overschaduwing; beschutting; schaduw
осененная	2	осени́ти	v	overschaduwen
осиявающая	1	осиява́ти	v	beschijnen; bestralen
основание	1	основа́ние	n.n	fundament; grondslag
оставила	1	оста́вити	v	achterlaten; nalaten
оставление	1	оставле́ние	n.n	vergeving; kwijtschelding
оставляеши	1	оставля́ти	v	verlaten; in de steek laten
от	27	от	prep	van; vanaf; door
отврати	1	отврати́ти	v	afwenden; afkeren
отгнавши	1	отгна́ти, отгоня́ти	v	verdrijven; wegjagen
отгоняющая	1	отгна́ти, отгоня́ти	v	verdrijven; wegjagen
отечестве	1	оте́чество	n.n	vaderland
откровенную	1	откры́ти	v	openbaren; onthullen
открывающая	1	открыва́ти	v	openbaren; ontsluiten
отрадо	1	отра́да	n.f	vertroosting; verkwikking; verlichting
отроковица	1	Отрокови́ца	n.f	Jonkvrouw; Meisje; jonge Maagd
отроковице	4	Отрокови́ца	n.f	Jonkvrouw; Meisje; jonge Maagd
отроковицу	1	Отрокови́ца	n.f	Jonkvrouw; Meisje; jonge Maagd
отца	1	Оте́ц	n.m	Vader
отчаянных	1	отча́янный	adj/n	wanhopig; (mv.) de wanhopigen
очима	1	о́ко	n.n	oog
очищение	1	очище́ние	n.n	reiniging; zuivering; verzoening
падений	1	паде́ние	n.n	val; het vallen
палато	1	пала́та	n.f	paleis; hof; vorstelijke zaal
памятующе	1	па́мятовати	v	gedenken; indachtig zijn
паучину	1	паучи́на	n.f	spinnenweb; spinrag
певаемая	2	пе́ти	v	zingen; bezingen
пение	2	пе́ние	n.n	gezang; lied; lofzang
пения	2	пе́ние	n.n	gezang; lied; lofzang
первонаписанней	1	первонапи́санный	adj	eerstgeschilderd; als eerste geschreven (geschilderd)
первообразное	1	первообра́зный	adj/n	oerbeeld; prototype; oorspronkelijke
пети	1	пе́ти	v	zingen; bezingen
петр	1	Петр	n.prop	Peter (de Grote)
печалей	1	печа́ль	n.f	droefheid; verdriet; smart
печалех	1	печа́ль	n.f	droefheid; verdriet; smart
печали	1	печа́ль	n.f	droefheid; verdriet; smart
печальных	1	печа́льный	adj/n	bedroefd; treurig; (mv.) de bedroefden
питательнице	1	Пита́тельница	n.f	Voedster; Zij die voedt
плачущим	1	пла́кати	v	wenen; treuren
плод	1	плод	n.m	vrucht
плодоносие	1	плодоно́сие	n.n	vruchtbaarheid; het vruchtdragen
плотию	1	плоть	n.f	vlees
по	5	по	prep	volgens; naar; langs; na
победив	1	победи́ти	v	overwinnen; verslaan
победная	1	побе́дный	adj/n	zegevierend; overwinnings-; (zn. mv.) zegezangen, dankoffers voor de overwinning
победное	2	побе́дный	adj/n	zegevierend; overwinnings-; (zn. mv.) zegezangen, dankoffers voor de overwinning
поведающи	1	пове́дати	v	verhalen; vertellen; verkondigen
погибели	1	поги́бель	n.f	verderf; ondergang; verloren gaan
под	2	под	prep	onder
подавающи	2	подава́ти	v	geven; schenken; verlenen
подает	1	подава́ти	v	geven; schenken; verlenen
подается	1	подава́ти	v	geven; schenken; verlenen
подающая	2	подава́ти	v	geven; schenken; verlenen
подобает	1	подоба́ти	v	betamen; toekomen; passen
подобиих	1	подо́бие	n.n	gelijkenis; afbeelding; kopie (van een icoon)
покланяющияся	1	покланя́тися	v	vereren; zich neerbuigen voor; aanbidden
поклоняемся	1	покланя́тися	v	vereren; zich neerbuigen voor; aanbidden
покров	2	покро́в	n.m	bescherming; beschutting; schutsmantel; sluier; dekmantel
покрове	3	покро́в	n.m	bescherming; beschutting; schutsmantel; sluier; dekmantel
покровом	3	покро́в	n.m	bescherming; beschutting; schutsmantel; sluier; dekmantel
покрываеши	1	покрыва́ти	v	bedekken; beschutten; beschermen
покрывающей	2	покрыва́ти	v	bedekken; beschutten; beschermen
полезная	3	поле́зный	adj/n	nuttig; heilzaam; (zn. mv.) het nuttige, wat goed is
положи	1	положи́ти	v	leggen; plaatsen
полчище	1	по́лчище	n.n	horde; heir; legioen; drom
помилуй	1	поми́ловати	v	zich ontfermen
помоще	1	по́мощь	n.f	hulp; bijstand
помощи	4	по́мощь	n.f	hulp; bijstand
помощию	1	по́мощь	n.f	hulp; bijstand
помощница	1	Помо́щница	n.f	Helpster; Bijstand
помощнице	7	Помо́щница	n.f	Helpster; Bijstand
помощницу	2	Помо́щница	n.f	Helpster; Bijstand
помощь	1	по́мощь	n.f	hulp; bijstand
помышлений	1	помышле́ние	n.n	gedachte; overleg; overweging
помяни	1	помяну́ти	v	gedenken; herinneren
поругаема	1	поруга́ти	v	bespotten; honen; smaden
посещающая	1	посеща́ти	v	bezoeken (met genade); omzien naar
посещение	1	посеще́ние	n.n	bezoeking; bezoek
посещения	1	посеще́ние	n.n	bezoeking; bezoek
послан	2	посла́ти	v	zenden
посрамляющая	1	посрамля́ти	v	beschamen; te schande maken
постави	1	поста́вити	v	plaatsen; stellen; oprichten
похвало	5	похвала́	n.f	lof; roem; lofprijzing
почитания	1	почита́ние	n.n	verering; eerbetoon
почитающим	1	почита́ти	v	eren; vereren
поюще	1	пе́ти	v	zingen; bezingen
праведных	2	пра́ведный	adj/n	rechtvaardig; (mv.) de rechtvaardigen
православия	2	Правосла́вие	n.n	Orthodoxie
православнии	1	правосла́вный	adj	orthodox
православному	3	правосла́вный	adj	orthodox
православную	2	правосла́вный	adj	orthodox
православных	1	правосла́вный	adj	orthodox
православныя	1	правосла́вный	adj	orthodox
преблагословенней	1	Преблагослове́нный	adj	Hooggezegende; Allergezegendste; Meest gezegende
преблагословенныя	1	Преблагослове́нный	adj	Hooggezegende; Allergezegendste; Meest gezegende
пребываеши	1	пребыва́ти	v	verblijven; wonen; blijven
превышшая	1	превы́шший	adj.comp	verheven boven; hoger dan; overtreffend
прегрешений	1	прегреше́ние	n.n	overtreding; misstap; vergrijp
пред	6	пред	prep	voor; ten overstaan van
предваряющая	1	предваря́ти	v	voorkomen (vóór zijn); tegemoetsnellen; vooruitlopen op
предвечным	1	Предве́чный	adj	Vooreeuwige; Eeuwige van vóór alle tijden
предградие	1	предгра́дие	n.n	voorwerk; voorwal; bolwerk vóór de stad; buitenwerk
предстатель	2	предста́тель	n.m	voorspreker; aanvoerder; die vóór (God) staat; (van de engel) aartsengel die voor Gods aangezicht staat
предстательница	1	Предста́тельница	n.f	Voorspreekster; Middelares; Pleitbezorgster
предстательством	2	предста́тельство	n.n	voorspraak; bemiddeling; voorbede
предстояще	2	предстоя́ти	v	staan voor; aanwezig zijn voor
преложен	1	преложи́ти	v	veranderen; omzetten; doen verkeren
премилосердая	1	Премилосе́рдый	adj	Albarmhartige; overvloedig barmhartige; Allerbarmhartigste
преподобным	1	преподо́бный	adj/n	eerbiedwaardig; heilige monnik; (mv.) de heilige monniken, ascetenheiligen
преподобных	2	преподо́бный	adj/n	eerbiedwaardig; heilige monnik; (mv.) de heilige monniken, ascetenheiligen
пресвятая	4	Пресвяты́й	adj	Alheilige; Allerheiligste
претворяющая	1	претворя́ти	v	veranderen (in); omzetten; doen verkeren
преукрашенная	1	преукраше́нный	adj	rijk versierd; prachtig getooid
пречестное	1	пречестны́й	adj	hoogvereerd; hooggeëerd; alom vereerd; allerkostbaarst
пречестныя	1	пречестны́й	adj	hoogvereerd; hooggeëerd; alom vereerd; allerkostbaarst
пречистая	1	Пречи́стый	adj	Alreine; Allerreinste; Alzuivere
пречистей	1	Пречи́стый	adj	Alreine; Allerreinste; Alzuivere
пречистому	1	Пречи́стый	adj	Alreine; Allerreinste; Alzuivere
пречистою	1	Пречи́стый	adj	Alreine; Allerreinste; Alzuivere
пречистый	1	Пречи́стый	adj	Alreine; Allerreinste; Alzuivere
пречистым	2	Пречи́стый	adj	Alreine; Allerreinste; Alzuivere
пречудныя	1	пречу́дный	adj	allerwonderbaarst; hoogst wonderbaar
прещение	1	преще́ние	n.n	dreiging; bedreiging; berisping
при	1	при	prep	bij; aan
прибегаем	1	прибега́ти	v	de toevlucht nemen tot; toevlucht zoeken bij; zich wenden tot
прибегают	1	прибега́ти	v	de toevlucht nemen tot; toevlucht zoeken bij; zich wenden tot
прибегающим	1	прибега́ти	v	de toevlucht nemen tot; toevlucht zoeken bij; zich wenden tot
прибегающих	1	прибега́ти	v	de toevlucht nemen tot; toevlucht zoeken bij; zich wenden tot
прибежище	3	прибе́жище	n.n	toevlucht; schuilplaats; wijkplaats
приемлет	1	приима́ти	v	ontvangen; aannemen; nemen
приемлют	1	приима́ти	v	ontvangen; aannemen; nemen
приемлющая	1	приима́ти	v	ontvangen; aannemen; nemen
призрение	1	призре́ние	n.n	zorg; verzorging; genadig omzien (naar); toezicht
призри	1	призре́ти	v	(genadig) neerzien op; omzien naar; aanzien
приими	2	прия́ти	v	ontvangen; aannemen; opnemen
приимше	1	прия́ти	v	ontvangen; aannemen; opnemen
примирение	1	примире́ние	n.n	verzoening
принесе	1	принести́	v	brengen; aanbrengen; offeren
принести	1	принести́	v	brengen; aanbrengen; offeren
приносим	3	приноси́ти	v	brengen; opdragen; aanbieden
приносят	2	приноси́ти	v	brengen; opdragen; aanbieden
приносяще	1	приноси́ти	v	brengen; opdragen; aanbieden
припадающе	2	припада́ти	v	neervallen voor; zich ter aarde werpen; knielen voor
припадающия	1	припада́ти	v	neervallen voor; zich ter aarde werpen; knielen voor
присно	2	при́сно	adv	altijd; immer; eeuwig
пристанище	4	приста́нище	n.n	haven; toevluchtsoord; veilige haven
приступи	1	приступи́ти	v	zich zetten aan; naderen tot; beginnen
присущую	1	прису́щий	adj	inwonend; eigen (aan); aanwezig in; inherent
притекающии	1	притека́ти	v	toestromen naar; zich haasten naar; de toevlucht nemen tot
притекающим	1	притека́ти	v	toestromen naar; zich haasten naar; de toevlucht nemen tot
притекающих	3	притека́ти	v	toestromen naar; zich haasten naar; de toevlucht nemen tot
приходящим	1	приходи́ти	v	komen
причастны	1	прича́стный	adj	deelachtig; deelhebbend aan
провождающии	1	провожда́ти	v	leiden (een leven); doorbrengen
прогоняющая	1	прогоня́ти	v	verdrijven; verjagen
прозирают	1	прозира́ти	v	het gezicht krijgen; weer zien; ziende worden
прозрение	1	прозре́ние	n.n	het ziende worden; herkrijgen van het gezicht; ogenopening
прозябшая	1	прозя́бнути	v	doen ontspruiten; voortbrengen; doen opschieten
промышление	1	промышле́ние	n.n	voorzienigheid; voorzorg; zorgzame bemoeienis
проповедуют	1	пропове́дати	v	verkondigen; prediken
пророческое	2	проро́ческий	adj	profetisch; van de profeten
просвещающая	1	просвеща́ти	v	verlichten
просвещение	2	просвеще́ние	n.n	verlichting
прославим	1	просла́вити, прославля́ти	v	verheerlijken
прославляющая	1	просла́вити, прославля́ти	v	verheerlijken
прославляюще	4	просла́вити, прославля́ти	v	verheerlijken
прославляющи	1	просла́вити, прославля́ти	v	verheerlijken
прославляющих	1	просла́вити, прославля́ти	v	verheerlijken
простреши	1	простре́ти	v	uitstrekken; uitbreiden
просяще	1	проси́ти	v	vragen; bidden om; smeken
просящия	1	проси́ти	v	vragen; bidden om; smeken
прошение	1	проше́ние	n.n	bede; verzoek; smeekbede
прошения	1	проше́ние	n.n	bede; verzoek; smeekbede
путеводительницу	1	Путеводи́тельница	n.f	Wegwijzeres; Leidsvrouw; Gids
пути	1	путь	n.m	weg; pad; reis
путь	2	путь	n.m	weg; pad; reis
рабо	1	раб, раба́	n	dienaar; dienstknecht; dienstmaagd; dienares
рабов	1	раб, раба́	n	dienaar; dienstknecht; dienstmaagd; dienares
рабом	1	раб, раба́	n	dienaar; dienstknecht; dienstmaagd; dienares
рабы	1	раб, раба́	n	dienaar; dienstknecht; dienstmaagd; dienares
ради	7	ра́ди	postp	omwille van; ter wille van; wegens
радование	1	ра́дование	n.n	verblijding; vreugde; blijdschap
радосте	2	ра́дость	n.f	vreugde; blijdschap
радости	1	ра́дость	n.f	vreugde; blijdschap
радостно	2	ра́достно	adv	met vreugde; blij; vreugdevol
радость	1	ра́дость	n.f	vreugde; blijdschap
радуйся	173	ра́доватися	v	zich verheugen; Verheug u!
разве	2	ра́зве	prep/conj	behalve; buiten; anders dan
разрушающая	1	разруша́ти	v	vernietigen; teniet doen; verwoesten
разрушение	1	разруше́ние	n.n	vernietiging; verwoesting; omverwerping
разслабленнии	1	разсла́бленный	adj/n	verlamde; lamme
разум	1	ра́зум	n.m	verstand; inzicht; rede; kennis
разумение	1	разуме́ние	n.n	inzicht; begrip; verstaan; betekenis
раны	1	ра́на	n.f	wond
раскола	1	раско́л	n.m	scheuring; schisma; verdeeldheid
растерзающая	1	растерза́ти	v	verscheuren; aan flarden scheuren
расторгающая	1	расторга́ти	v	verbreken; uiteenscheuren; verscheuren
ревнующих	1	ревнова́ти	v	ijveren (voor); vurig streven (naar)
реко	1	река́	n.f	rivier; stroom
реку	1	река́	n.f	rivier; stroom
реченному	1	рещи́	v	zeggen; spreken; (реченный) gezegd, gesproken
рещи	2	рещи́	v	zeggen; spreken; (реченный) gezegd, gesproken
род	1	род	n.m	geslacht; generatie; stam; soort
рода	17	род	n.m	geslacht; generatie; stam; soort
роди	1	род	n.m	geslacht; generatie; stam; soort
родившая	1	роди́ти	v	baren; ter wereld brengen
родительнице	1	Роди́тельница	n.f	Moeder; Baarster; Zij die gebaard heeft
родов	2	род	n.m	geslacht; generatie; stam; soort
рождшагося	1	роди́тися	v	geboren worden
рождшая	1	роди́ти	v	baren; ter wereld brengen
росо	1	роса́	n.f	dauw
россии	1	Росси́я	n.prop	Rusland
российских	1	росси́йский	adj	Russisch; van Rusland
российския	1	росси́йский	adj	Russisch; van Rusland
российскую	1	росси́йский	adj	Russisch; van Rusland
российстей	1	росси́йский	adj	Russisch; van Rusland
рук	1	рука́	n.f	hand; arm
руках	1	рука́	n.f	hand; arm
руки	1	рука́	n.f	hand; arm
руку	1	рука́	n.f	hand; arm
русских	1	ру́сский	adj	Russisch
русской	1	ру́сский	adj	Russisch
рыбы	1	ры́ба	n.f	vis
рыдает	1	рыда́ти	v	jammeren; weeklagen; huilen
с	15	с, со	prep	met; van
саде	1	сад	n.m	tuin; hof; gaarde
самей	1	сам	pron	zelf; (Самей) Uzelf
сбытие	2	сбытие́	n.n	vervulling; het in vervulling gaan
свеев	1	свеи	n.pl	Zweden
светильники	1	свети́льник	n.m	lamp; luchter; lichtdrager
светиши	1	свети́ти	v	schijnen; lichten
светлое	4	све́тлый	adj	stralend; lichtend; luisterrijk; helder
светом	2	свет	n.m	licht
светоприемную	1	светоприе́мный	adj	lichtontvangend; dat het licht ontvangt
свещу	1	свеща́	n.f	kaars
своего	2	свой	pron	eigen; zijn; haar; hun
своему	1	свой	pron	eigen; zijn; haar; hun
своея	2	свой	pron	eigen; zijn; haar; hun
своих	1	свой	pron	eigen; zijn; haar; hun
свою	2	свой	pron	eigen; zijn; haar; hun
свыше	1	свы́ше	adv	van boven; uit den hoge
святаго	1	святы́й	adj/n	heilig; (zn.) heilige
святая	1	святы́й	adj/n	heilig; (zn.) heilige
святейшее	1	святе́йший	adj.sup	allerheiligst; heiliger (dan)
святителю	1	святи́тель	n.m	heilige bisschop; hiërarch
святую	1	святы́й	adj/n	heilig; (zn.) heilige
святым	1	святы́й	adj/n	heilig; (zn.) heilige
святыми	1	святы́й	adj/n	heilig; (zn.) heilige
святыни	1	святы́ня	n.f	heiligheid; het heilige; heiligdom
святых	3	святы́й	adj/n	heilig; (zn.) heilige
святыя	2	святы́й	adj/n	heilig; (zn.) heilige
священным	1	свяще́нный	adj	gewijd; heilig; sacraal
сего	3	сей	pron	deze; dit
сей	2	сей	pron	deze; dit
серафим	3	Серафи́м	n.pl	Serafijnen
сергием	1	Се́ргий	n.prop	Sergius (van Radonezj)
сердца	2	се́рдце	n.n	hart
сердце	1	се́рдце	n.n	hart
сердцем	2	се́рдце	n.n	hart
сею	2	сей	pron	deze; dit
сие	1	сей	pron	deze; dit
сила	2	си́ла	n.f	kracht; macht; sterkte
силе	1	си́ла	n.f	kracht; macht; sterkte
силою	2	си́ла	n.f	kracht; macht; sterkte
силу	1	си́ла	n.f	kracht; macht; sterkte
силы	1	си́ла	n.f	kracht; macht; sterkte
сильну	1	си́льный	adj	sterk; machtig
сирот	1	сирота́	n.f/m	wees
сирым	1	си́рый	adj/n	verweesd; (mv.) wezen, de vaderlozen
сице	1	си́це	adv	aldus; zo; op deze wijze
скорая	2	ско́рый	adj	snel; spoedig; vlug
скорбей	5	скорбь	n.f	verdrukking; droefheid; smart; nood; kwelling
скорбех	3	скорбь	n.f	verdrukking; droefheid; smart; nood; kwelling
скорби	1	скорбь	n.f	verdrukking; droefheid; smart; nood; kwelling
скорбных	1	ско́рбный	adj	droevig; smartelijk; benard
скорбь	2	скорбь	n.f	verdrukking; droefheid; smart; nood; kwelling
скорбящим	1	скорбе́ти	v	treuren; bedroefd zijn; in verdrukking zijn
скорбящих	2	скорбе́ти	v	treuren; bedroefd zijn; in verdrukking zijn
скорое	1	ско́рый	adj	snel; spoedig; vlug
скрытое	1	скры́ти	v	verbergen; verborgen houden
слава	3	сла́ва	n.f	heerlijkheid; glorie; roem
славе	1	сла́ва	n.f	heerlijkheid; glorie; roem
славнейшую	1	сла́внейший	adj.sup	heerlijker; roemrijker; allerroemrijkst
славо	1	сла́ва	n.f	heerlijkheid; glorie; roem
славою	1	сла́ва	n.f	heerlijkheid; glorie; roem
славы	1	сла́ва	n.f	heerlijkheid; glorie; roem
слезами	2	слеза́	n.f	traan
слезно	1	сле́зно	adv	onder tranen; met tranen; in tranen
слепии	1	слепы́й	adj/n	blind; (mv.) de blinden
слепым	1	слепы́й	adj/n	blind; (mv.) de blinden
слепых	1	слепы́й	adj/n	blind; (mv.) de blinden
слово	3	Сло́во	n.n	Woord (Logos); woord
слову	1	Сло́во	n.n	Woord (Logos); woord
слушати	1	слу́шати	v	luisteren; horen
слышавше	1	слы́шати	v	horen; vernemen
слышание	1	слы́шание	n.n	het horen; gehoor; bericht
смерти	3	смерть	n.f	dood
смертоносныя	1	смертоно́сный	adj	dodelijk; doodbrengend; verderfelijk
смирение	1	смире́ние	n.n	nederigheid; ootmoed
смыслом	1	смысл	n.m	verstand; zin; geest; inzicht
смятений	1	смяте́ние	n.n	verwarring; beroering; tumult; oproer
со	6	с, со	prep	met; van
соблюдет	1	соблюсти́	v	bewaren; behoeden; in stand houden
совершающая	1	соверша́ти	v	volbrengen; verrichten; opdragen
совершенный	1	соверше́нный	adj	volmaakt; volkomen
совесть	1	со́весть	n.f	geweten
содевает	2	содева́ти(ся)	v	bewerken; verrichten; (refl.) gewrocht worden
содеваются	1	содева́ти(ся)	v	bewerken; verrichten; (refl.) gewrocht worden
созданному	1	созда́ти	v	bouwen; scheppen; oprichten
сокровище	1	сокро́вище	n.n	schat
сокрушения	1	сокруше́ние	n.n	verbrijzeling (van het hart); berouw; vermorzeling
сокрушенным	2	сокруше́нный	adj	verbrijzeld; verbroken; vermorzeld
сословии	1	сосло́вие	n.n	stand; orde; vergadering; gezelschap
сотворяющи	1	сотворя́ти	v	maken; doen worden; tot … maken
сохранит	1	сохрани́ти	v	bewaren; behoeden; beschermen
спаса	2	Спас	n.m	Verlosser; Heiland; Redder
спасаются	1	спаса́ти(ся)	v	redden; verlossen; (refl.) gered worden
спасающая	1	спаса́ти(ся)	v	redden; verlossen; (refl.) gered worden
спасение	3	спасе́ние	n.n	heil; verlossing; redding
спасения	4	спасе́ние	n.n	heil; verlossing; redding
спасительное	1	спаси́тельный	adj	heilzaam; heilbrengend; van het heil
спасительный	1	спаси́тельный	adj	heilzaam; heilbrengend; van het heil
спасителя	1	Спаси́тель	n.m	Verlosser; Heiland; Zaligmaker
спасти	1	спасти́(ся)	v	redden; verlossen; (refl.) gered worden
спастися	1	спасти́(ся)	v	redden; verlossen; (refl.) gered worden
спасшия	1	спасти́(ся)	v	redden; verlossen; (refl.) gered worden
списатель	1	списа́тель	n.m	schrijver; optekenaar; beschrijver
сподобимся	1	сподо́битися	v	waardig gekeurd worden; waardig bevonden worden; verwaardigd worden
способствующая	1	спосо́бствовати	v	bevorderen; meewerken aan; steunen
спребывающи	1	спребыва́ти	v	verblijven bij; samen zijn met; blijven bij
сравнения	1	сравне́ние	n.n	vergelijking
старцев	1	ста́рец	n.m	oude; grijsaard; oudere; (geestelijke) vader, starets
стена	1	стена́	n.f	muur; wal
стольному	1	сто́льный	adj	hoofd-; residentie-; troon-
стране	3	страна́	n.f	land
странно	1	стра́нно	adv	vreemd; wonderlijk; bevreemdend
страну	5	страна́	n.f	land
страны	1	страна́	n.f	land
страстнаго	1	стра́стный	adj	van de hartstochten; hartstochtelijk; door hartstochten beheerst
страхом	1	страх	n.m	vrees; ontzag
сугубо	1	сугу́бо	adv	dubbel; tweevoudig; overvloedig; in bijzondere mate
суд	1	суд	n.m	oordeel; gericht; vonnis
сумнительно	1	сумни́тельно	adv	twijfelachtig; te betwijfelen
сумнительное	1	сумни́тельный	adj	twijfelachtig; dubieus
супостат	1	супоста́т	n.m	tegenstander; vijand; wederpartij
суть	1	бы́ти	v	zijn; (бысть) was, geschiedde; (еси) gij zijt; (суть) zij zijn; (сущий) zijnde, die is
сущей	1	бы́ти	v	zijn; (бысть) was, geschiedde; (еси) gij zijt; (суть) zij zijn; (сущий) zijnde, die is
сущи	1	бы́ти	v	zijn; (бысть) was, geschiedde; (еси) gij zijt; (суть) zij zijn; (сущий) zijnde, die is
сущих	1	бы́ти	v	zijn; (бысть) was, geschiedde; (еси) gij zijt; (суть) zij zijn; (сущий) zijnde, die is
сына	5	Сын	n.m	Zoon
сыном	2	Сын	n.m	Zoon
сыну	1	Сын	n.m	Zoon
та	2	той, та	pron	die; zij; (тем) daardoor / aan die
тайну	1	та́йна	n.f	geheim; mysterie; geheimenis
тайны	1	та́йна	n.f	geheim; mysterie; geheimenis
таковыя	1	таковы́й	pron/adj	zodanig; zulk
тамо	1	та́мо	adv	daar; aldaar
твари	1	тварь	n.f	schepping; schepsel
твоего	5	твой	pron	Uw; uw
твоей	3	твой	pron	Uw; uw
твоему	3	твой	pron	Uw; uw
твоею	3	твой	pron	Uw; uw
твоея	11	твой	pron	Uw; uw
твоим	7	твой	pron	Uw; uw
твоими	2	твой	pron	Uw; uw
твоих	5	твой	pron	Uw; uw
твой	2	твой	pron	Uw; uw
твориши	1	твори́ти	v	doen; maken; bewerken
твою	3	твой	pron	Uw; uw
твоя	12	твой	pron	Uw; uw
тебе	22	ты	pron	Gij; U; u
телесныма	1	теле́сный	adj	lichamelijk
телесных	1	теле́сный	adj	lichamelijk
телу	1	те́ло	n.n	lichaam
тем	2	той, та	pron	die; zij; (тем) daardoor / aan die
темже	6	те́мже	conj	daarom; derhalve
теплое	1	те́плый	adj	vurig; warm; innig
теплый	1	те́плый	adj	vurig; warm; innig
тече	1	тещи́	v	lopen; snellen; stromen
ти	10	ты	pron	Gij; U; u
тихое	4	ти́хий	adj	stil; rustig; kalm; vredig
тобой	2	ты	pron	Gij; U; u
тобою	1	ты	pron	Gij; U; u
токи	2	ток	n.m	stroom; vloed; straal
тояжде	1	то́йжде	pron	dezelfde; hetzelfde
трепещут	1	трепета́ти	v	beven; sidderen
трикратнаго	1	трикра́тный	adj	drievoudig; driemaal herhaald
труду	1	труд	n.m	arbeid; werk; moeite
тщащься	1	тща́тися	v	zich beijveren; trachten; zich haasten
ты	5	ты	pron	Gij; U; u
тьму	1	тьма	n.f	duisternis
тя	15	ты	pron	Gij; U; u
у	1	у	prep	bij
увеселяющая	1	увеселя́ти	v	verblijden; verheugen; opvrolijken
увеселяющий	1	увеселя́ти	v	verblijden; verheugen; opvrolijken
украшение	2	украше́ние	n.n	sieraad; tooi; versiering; luister
укрепи	1	укрепи́ти	v	sterken; versterken
укрепление	1	укрепле́ние	n.n	versterking; sterkte; steun
укрепляемый	1	укрепля́ти	v	sterken; versterken
ум	1	ум	n.m	geest; verstand; nous
умащающий	1	умаща́ти	v	zalven; verzachten (met olie); bestrijken
умилением	2	умиле́ние	n.n	vertedering; rouwmoedige ontroering; verbrijzeling van het hart
умиленное	1	умиле́нный	adj	rouwmoedig; vertederd; verbrijzeld; ontroerd
умиленною	1	умиле́нный	adj	rouwmoedig; vertederd; verbrijzeld; ontroerd
умоли	1	умоли́ти	v	verbidden; door smeken bewegen; afsmeken
умудри	1	умудри́ти	v	wijs maken; wijsheid schenken
уповаем	1	упова́ти	v	hopen; vertrouwen
упование	6	упова́ние	n.n	hoop; vertrouwen; toeverlaat
усердная	15	усе́рдный	adj	ijverig; vurig; toegewijd; bereidwillig
усердно	2	усе́рдно	adv	vurig; ijverig; met toewijding
устнами	1	уста́, устна́	n.pl	lippen; mond
устрашающая	1	устраша́ти	v	schrik aanjagen; verschrikken
устрашение	1	устраше́ние	n.n	verschrikking; schrik; ontzetting
усты	1	уста́, устна́	n.pl	lippen; mond
усыновившая	1	усынови́ти	v	tot kinderen aannemen; adopteren
утверди	1	утверди́ти	v	bevestigen; grondvesten; versterken
утверждаемии	1	утвержда́ти	v	bevestigen; sterken
утверждение	5	утвержде́ние	n.n	bevestiging; grondvesting; steun; bolwerk
утешение	3	утеше́ние	n.n	vertroosting; troost
утешительнице	1	Уте́шительница	n.f	Troosteres; Vertroosteres
утолити	1	утоли́ти	v	stillen; bedaren; tot bedaren brengen
утробе	3	утро́ба	n.f	schoot; moederschoot
учений	1	уче́ние	n.n	leer; leerstelling
хвалебное	1	хвале́бный	adj	lof-; lovend; prijzend
хвалим	1	хвали́ти	v	loven; prijzen
хвалу	1	хвала́	n.f	lof; lofprijzing
херувим	1	Херуви́м	n.pl	Cherubijnen
ходатаице	1	Хода́таица	n.f	Voorspreekster; Middelares; Pleitbezorgster
ходатайству	1	хода́тайство	n.n	voorspraak; bemiddeling; tussenkomst
ходатайствующая	1	хода́тайствовати	v	voorspreken; bemiddelen; pleiten (voor)
ходят	1	ходи́ти	v	lopen; wandelen
хотящи	1	хоте́ти	v	willen; wensen
хотящу	1	хоте́ти	v	willen; wensen
храму	1	храм	n.m	tempel; kerk(gebouw)
хранилище	1	храни́лище	n.n	bewaarplaats; schatkamer; bolwerk; behoedende bescherming
хранительница	1	Храни́тельница	n.f	Behoedster; Bewaakster; Beschermster; Hoedster
хранительнице	1	Храни́тельница	n.f	Behoedster; Bewaakster; Beschermster; Hoedster
христа	6	Христо́с	n.prop	Christus
христиан	5	христиани́н	n.m	christen; (mv.) christenen
христианскаго	17	христиа́нский	adj	christelijk
христианския	1	христиа́нский	adj	christelijk
христова	1	Христо́в	adj	van Christus; Christus'
христолюбиваго	1	христолюби́вый	adj	Christusminnend; Christuslievend
христолюбивии	1	христолюби́вый	adj	Christusminnend; Christuslievend
христом	1	Христо́с	n.prop	Christus
христу	1	Христо́с	n.prop	Christus
хромии	1	хромы́й	adj/n	kreupel; lam; (mv.) de kreupelen
цареграду	1	Царегра́д	n.prop	Tsargrad; Constantinopel
царице	3	Цари́ца	n.f	Koningin
царицы	1	Цари́ца	n.f	Koningin
царствия	2	Ца́рствие	n.n	Koninkrijk; Rijk
царствующего	1	ца́рствовати	v	heersen; regeren; koning zijn
царствующий	1	ца́рствовати	v	heersen; regeren; koning zijn
царь	1	Царь	n.m	koning; tsaar; Koning (God)
царя	1	Царь	n.m	koning; tsaar; Koning (God)
целомудрия	1	целому́дрие	n.n	kuisheid; ingetogenheid; zuiverheid; gezondheid van geest
цельбоносней	1	цельбоно́сный	adj	genezing brengend; heilzaam; genezend
цельбоносному	1	цельбоно́сный	adj	genezing brengend; heilzaam; genezend
церкве	3	Це́рковь	n.f	Kerk
церковь	1	Це́рковь	n.f	Kerk
человек	1	челове́к	n.m	mens; (mv.) mensen
человеком	1	челове́к	n.m	mens; (mv.) mensen
честнейшая	1	честне́йший	adj.sup	eerbiedwaardiger; hoger in eer; hoogst vereerd
честнейшую	1	честне́йший	adj.sup	eerbiedwaardiger; hoger in eer; hoogst vereerd
честною	1	честны́й	adj	eerbiedwaardig; vereerd; kostbaar; eerwaardig
честную	1	честны́й	adj	eerbiedwaardig; vereerd; kostbaar; eerwaardig
честь	2	честь	n.f	eer
чистая	2	чи́стый	adj	rein; zuiver
чистоте	1	чистота́	n.f	reinheid; zuiverheid
чистоту	1	чистота́	n.f	reinheid; zuiverheid
чистыми	1	чи́стый	adj	rein; zuiver
чтимая	2	чти́ти	v	eren; vereren
чтущих	1	чти́ти	v	eren; vereren
чудес	7	чу́до	n.n	wonder
чудеса	4	чу́до	n.n	wonder
чудесы	2	чу́до	n.n	wonder
чудную	2	чу́дный	adj	wonderbaar; wonderlijk; wonderdadig
чудныя	4	чу́дный	adj	wonderbaar; wonderlijk; wonderdadig
щедрот	2	щедро́ты	n.pl	ontfermingen; barmhartigheden; mededogen; weldaden
щедротами	1	щедро́ты	n.pl	ontfermingen; barmhartigheden; mededogen; weldaden
щит	3	щит	n.m	schild
щите	1	щит	n.m	schild
ю	4	он, она, они	pron	hij; zij; (Еюже) door wie; (Еяже ради) om wier wil; (егоже) hetwelk, waarvoor
юных	1	ю́ный	adj/n	jong; (mv.) de jongeren
явилася	1	яви́ти(ся)	v	openbaren; tonen; (refl.) verschijnen
явися	2	яви́ти(ся)	v	openbaren; tonen; (refl.) verschijnen
явити	1	яви́ти(ся)	v	openbaren; tonen; (refl.) verschijnen
явление	3	явле́ние	n.n	verschijning; openbaring; (van een icoon) het verschijnen, de vinding
явлением	1	явле́ние	n.n	verschijning; openbaring; (van een icoon) het verschijnen, de vinding
явлении	2	явле́ние	n.n	verschijning; openbaring; (van een icoon) het verschijnen, de vinding
явления	1	явле́ние	n.n	verschijning; openbaring; (van een icoon) het verschijnen, de vinding
являющая	1	явля́ти	v	tonen; openbaren; betonen
язвы	1	я́зва	n.f	plaag; pest; wond; slag
язык	1	язы́к	n.m	tong; taal; (elders) volk, heiden
яко	25	я́ко	conj	als; zoals; dat; want; omdat
якоже	1	я́коже	conj	zoals; gelijk
