lemma	pos	match	ids	headwords	parts
ага́рянский	adj	none			
аллилу́иа	interj	none			
ами́нь	interj	none			
а́нгел	n.m	none			
а́нгельский	adj	none			
апо́стол	n.m	exact	0057-2-11	Апостолъ	main
Арсе́ний	n.prop	none			
арха́нгел	n.m	exact	0917-2-07	Архангелъ	supplement
арха́нгельский	adj	none			
архиере́й	n.m	none			
ба́ня	n.f	none			
беда́	n.f	exact	0100-2-08	Бѣда	main
без	prep	soft	0102-2-05	Бадь или безь	main
безгла́сный	adj	exact	0071-2-06	Безгласный	main
бе́здна	n.f	exact	0071-2-17	Бездна	main
безме́здный	adj	exact	0924-2-05	Безмездный	supplement
бесну́ющийся	part/n	none			
благи́й	adj	none			
бла́го	n.n	exact	0076-2-02	Благо	main
благоволи́ти	v	exact	0076-2-11	Благоволити	main
благогове́йно	adv	none			
благода́рне	adv	none			
благода́рственно	adv	none			
благода́рный	adj	exact	0929-2-11	Благодарный	supplement
благода́рственный	adj	none			
благодари́ти	v	none			
благода́ть	n.f	exact	0078-1-04;0930-1-03	Благодать;Благодать	main;supplement
благода́тный	adj	none			
благослове́нный	adj	exact	0081-2-03	Благословенный	main
бла́гость	n.f	none			
благоутро́бный	adj	none			
благоуха́ти	v	none			
благохвали́ти	v	exact	0083-1-13	Благохвалити	main
благоче́стие	n.n	none			
блажи́ти	v	exact	0084-1-03	Блажити	main
блаже́нный	adj	exact	0083-2-13	Блаженный	main
блужда́ти	v	none			
бо	conj	exact	0086-1-07	Бо	main
Бог	n.m	exact	0091-1-11;0091-2-03;0934-1-08	Бoгъ;Богъ;Богъ	main;main;supplement
Богоизбра́нный	adj	none			
Богома́ти	n.f	none			
Богома́терний	adj	none			
Богоно́сный	adj	exact	0089-1-14	Богоносный	main
богопозна́ние	n.n	none			
Богороди́тельница	n.f	none			
Богоро́дица	n.f	none			
боготе́чный	adj	exact	0090-2-20	Боготечный	main
Боже́ственный	adj	exact	0091-2-17	Божественный	main
Бо́жий	adj	exact	0935-1-03	Божій	supplement
боле́знь	n.f	exact	0937-1-09	Болезнь	supplement
больны́й	adj/n	none			
брань	n.f	exact	0095-1-09;0939-1-09	Брань или бранина;Брань	main;supplement
броня́	n.f	exact	0942-1-11	Броня	supplement
бу́дущий	adj	none			
бу́ря	n.f	none			
быва́ти	v	none			
бы́ти	v	exact	0946-1-05	Быти	supplement
бы́стрый	adj	none			
в, во	prep	exact	0119-2-08;0121-1-07;0146-1-38;0962-2-10;0965-2-08;0973-2-06	Во дни, и въ;Bo;Въ;Во;Во;Въ	main;main;main;supplement;supplement;supplement
вдова́	n.f	exact	0105-2-18	Вдова	main
ве́дати, ве́дети	v	none			
век	n.m	exact	0977-1-04	Вѣкъ	supplement
вели́кий	adj	exact	0953-1-13	Великій	supplement
великоле́пый	adj	exact	0107-2-11	Великолепый	main
велича́ние	n.n	exact	0108-1-07;0953-2-06	Величаніє;Величаніе	main;supplement
велича́ти	v	exact	0953-2-07	Величати	supplement
вели́чие	n.n	none			
вене́ц	n.m	exact	0151-1-03	Вѣнецъ	main
ве́ра	n.f	none			
ве́рно	adv	none			
ве́рный	adj/n	exact	0153-1-02	Верный	main
ве́ровати	v	none			
весь (село)	n.f	exact	0110-1-11;0110-2-02	Весь;Весь	main;main
весе́лие	n.n	exact	0955-2-02	Веселіе	supplement
ве́чный	adj	exact	0154-1-12	Вѣчный	main
взира́ти	v	exact	0112-2-02	Взирати	main
взя́ти	v	none			
ви́дети	v	exact	0113-2-03;0958-1-05	Видѣти;Видѣти	main;supplement
вити́я	n.m	none			
Влады́чица	n.f	exact	0116-2-14	Владычица	main
власть	n.f	exact	0117-1-04	Власть	main
вмести́ти	v	none			
вмести́лище	n.n	none			
вожделе́нный	adj	none			
воздви́гнути	v	exact	0123-1-11	Воздвигнути	main
возжига́ти	v	none			
воззре́ти	v	exact	0124-2-05	Воззрѣти	main
возлага́ти, возложи́ти	v	exact	0964-1-13	Возложити	supplement
возмо́жный	adj	none			
возопи́ти	v	none			
возсия́ти	v	none			
возстава́ти	v	none			
во́ин	n.m	none			
во́инство	n.n	exact	0965-1-05	Воинство	supplement
вои́стинну	adv	none			
воня́	n.f	none			
вопи́ти	v	none			
воплоща́тися	v	none			
воспева́ти	v	none			
восприя́ти	v	none			
восходи́ти	v	none			
восхоте́ти	v	none			
враг	n.m	none			
вра́жий	adj	exact	0136-1-16	Вражій	main
вразумле́ние	n.n	none			
врачевство́	n.n	none			
вре́мя	n.n	exact	0970-2-09	Время	supplement
вре́менный	adj	none			
весь (весь, вся, все)	pron	exact	0110-1-11;0110-2-02	Весь;Весь	main;main
Всевы́шний	adj/n	none			
всегда́	adv	none			
Всеми́лостивый	adj	none			
Всенепоро́чный	adj	none			
Всепе́тый	adj	exact	0141-2-02	Всепѣтый	main
Всеси́льный	adj	none			
вся́кий	pron/adj	none			
вы́ну	adv	exact	0148-1-02	Выну	main
высота́	n.f	none			
Вы́шний	adj/n	exact	0149-2-16	Вышній	main
вы́шший	adj.comp	none			
глад	n.m	exact	0982-2-04	Гладъ	supplement
глас	n.m	exact	0160-2-11	Гласъ	main
глубина́	n.f	exact	0161-2-02	Глубина	main
глубо́кий	adj	none			
гне́вный	adj	none			
горды́ня	n.f	none			
горе́	adv	exact	0986-1-08	Горе	supplement
Госпо́дь	n.m	exact	0988-2-04	Господь	supplement
Госпо́день	adj	none			
Госпожа́	n.f	none			
гото́вый	adj	none			
град	n.m	exact	0168-1-01;0168-1-02;0989-2-06	Градъ;Градъ;Градъ	main;main;supplement
грех	n.m	none			
грехо́вный	adj	none			
гре́шный	adj/n	none			
гро́зный	adj	none			
да	conj/part	exact	0994-3-01;0994-3-02	Да;Да	supplement;supplement
да́ти, дая́ти	v	exact	0173-2-10	Дати	main
дар	n.m	exact	0173-2-07	Даръ	main
дарова́ти	v	none			
дарова́ние	n.n	exact	0173-1-07	Дарованіє	main
дарова́тися	v	none			
де́ва	n.f	none			
де́вство	n.n	none			
де́вствовати	v	none			
де́ло	n.n	exact	0200-1-03;0654-1-02;1010-2-07	Дѣло;Слово и дѣло;Дѣло	main;main;supplement
де́мон	n.m	exact	0177-1-12	Демонъ	main
де́монский	adj	exact	0177-1-10	Демонскій	main
день	n.m	exact	0177-2-02	День	main
держа́вный	adj	exact	0178-2-06	Державный	main
держа́ти	v	exact	0999-2-04	Держати	supplement
дерза́ти	v	none			
дерзнове́ние	n.n	none			
ди́вный	adj	exact	0180-2-15	Дивный	main
диви́тися	v	none			
длань	n.f	exact	0183-1-13;1001-1-15	Длань;Длань	main;supplement
до	prep	none			
до́брый	adj	none			
дом	n.m	exact	0187-1-14;1003-2-08	Домъ;Домъ	main;supplement
достоя́ние	n.n	none			
дре́вле	adv	none			
дре́вний	adj	none			
дух	n.m	none			
душе́вно	adv	none			
душе́вный	adj	exact	0197-1-02;1008-1-09	Душевный;Душевный	main;supplement
душевре́дный	adj	none			
душепа́губный	adj	exact	0197-1-06	Душепагубный	main
душеполе́зный	adj	none			
душа́	n.f	exact	0196-1-02	Душа	main
егда́	conj	exact	0204-1-04	Єгда	main
еди́ный	adj/num	none			
е́же	conj	exact	0207-2-08	Єже	main
еле́й	n.m	none			
Ермоге́н	n.prop	none			
е́ресь	n.f	exact	1013-2-02	Єресь	supplement
естество́	n.n	none			
же	part	none			
жена́	n.f	none			
живоно́сный	adj	exact	0220-2-18	Живоносный	main
живо́т	n.m	exact	0221-1-22;0221-2-02;1016-2-08	Животъ;Животъ;Животъ	main;main;supplement
живо́тный	adj	exact	0221-1-14	Животный	main
жизнь	n.f	exact	0222-1-14	Жизнь	main
жили́ще	n.n	none			
житие́	n.n	none			
за	prep	exact	0226-1-02;1018-3-01	За;За	main;supplement
заблужде́ние	n.n	none			
забра́ло	n.n	exact	1018-3-06	Забрало	supplement
заступа́ти	v	none			
заступле́ние	n.n	exact	1022-2-14	Заступленіе	supplement
Засту́пница	n.f	none			
зача́ти	v	none			
защища́ти	v	none			
защище́ние	n.n	none			
звезда́	n.f	exact	0235-1-03;1024-2-02;1024-2-03	Звѣзда;Звѣзда;Звѣзда	main;supplement;supplement
здра́вие	n.n	none			
земля́	n.f	none			
земны́й	adj	none			
злове́рие	n.n	exact	0240-2-03	Зловѣріє	main
злый	adj	exact	0242-1-14	Злый	main
зло	n.n	exact	0240-1-06	Зло	main
зна́мение	n.n	exact	0243-1-07	Знаменіє	main
зна́мя	n.n	none			
зна́ние	n.n	exact	1028-1-12	знаніе	supplement
зва́ти	v	none			
зре́ние	n.n	exact	0244-2-11	Зрѣніе	main
зре́ти	v	exact	0244-2-12;1029-2-03	Зрѣти;Ѕрѣти	main;supplement
и	conj	exact	0245-3-01	И	main
и́бо	conj	none			
иде́же	adv/conj	exact	0247-1-03	Йдѣже	main
из	prep	none			
изба́вити	v	exact	0247-2-09	Избавити	main
избавле́ние	n.n	exact	1031-2-01	Избавленіе	supplement
избавля́ти(ся)	v	none			
избра́нный	adj/part	exact	0248-1-16	Избранный	main
изве́стный	adj	none			
израсти́ти	v	none			
изумева́ти	v	none			
Иису́с	n.prop	none			
ико́на	n.f	exact	0256-2-05	Икона	main
име́ти	v	none			
и́мя	n.n	none			
иноплеме́нный	adj/n	exact	1034-2-08	Иноплеменный	supplement
и́ноческий	adj	none			
и́ный	adj/pron	exact	0261-1-09	Иный	main
иска́ние	n.n	none			
иска́ти	v	none			
искуше́ние	n.n	none			
испове́дание	n.n	exact	0265-1-23	Исповедание	main
испове́дати	v	verb	0265-1-24	Исповедаю	main
исполне́ние	n.n	exact	0265-2-09	Исполненіе	main
испо́лнити	v	none			
исправле́ние	n.n	none			
истека́ти	v	none			
и́стинный	adj	exact	0267-1-11	Истинный	main
источа́ти, источи́ти	v	verb	0267-2-21;1037-1-09	Источаю;Источаю	main;supplement
исто́чник	n.m	exact	0267-2-22	Источникъ	main
исхи́тити	v	none			
исцеле́ние	n.n	none			
исцеля́тися	v	none			
к, ко	prep	exact	0277-3-01;0281-2-11;1052-1-03	K;К;К	main;main;supplement
Каза́нь	n.prop	exact	1041-2-05	Казань	supplement
Каза́нский	adj	none			
ка́ко	adv/conj	exact	0278-2-10	Како	main
ка́мень	n.m	exact	0280-1-08;1043-1-03	Камень;Камень	main;supplement
ка́ятися	v	none			
клас	n.m	exact	1048-1-09	Класъ	supplement
кознь	n.f	exact	0294-2-10	Кознь	main
коне́ц	n.m	exact	0298-2-07;1055-2-03	Конецъ;Конецъ	main;supplement
крамо́ла	n.f	none			
кре́пкий	adj	exact	0310-2-01	Крепкій	main
кре́пость	n.f	exact	0310-2-09;1064-2-03	Крѣпость;Крепость	main;supplement
крест	n.m	exact	1061-2-02	Крестъ	supplement
лесть	n.f	none			
ликовствова́ти	v	none			
лице́	n.n	none			
лик	n.m	exact	0319-2-06;0320-1-09	Лика и ликъ;Лик	main;main
лобыза́ти	v	none			
луча́	n.f	none			
любе́зно	adv	none			
любо́вь	n.f	none			
лю́дие	n.pl	exact	0331-1-06	Людіе	main
лю́тый	adj	exact	0331-1-15	Лютый	main
ма́лый	adj	exact	0333-2-26	Малый	main
Мари́я	n.prop	none			
Ма́терний	adj	none			
Ма́ти	n.f	exact	1083-1-11	Мати	supplement
мгла	n.f	exact	0337-2-09	Мгла	main
милосе́рдый	adj	none			
ми́лость	n.f	exact	0342-2-13;1082-1-07	Милость;Милость	main;supplement
мир (покой)	n.m	exact	1083-1-05	Міръ	supplement
мир (вселенная)	n.m	exact	1083-1-05	Міръ	supplement
ми́рный	adj	exact	0343-2-07;0345-1-10	Мирный;Мірный	main;main
мирски́й	adj/n	none			
Младе́нец	n.m	none			
мно́гий	adj	none			
мно́го	adv	none			
многовеща́нный	adj	exact	0346-2-18	Многовѣщанный	main
многотеку́щий	adj	exact	0349-1-17	Многотекущій	main
многоце́нный	adj	none			
мно́жество	n.n	none			
мощи́	v	none			
моле́ние	n.n	none			
моли́ти(ся)	v	exact	1084-1-03	Молити	supplement
моли́тва	n.f	none			
мо́лния	n.f	none			
мона́х	n.m	none			
мо́ре	n.n	none			
мой	pron	none			
мрак	n.m	exact	1086-1-04	Мракъ	supplement
му́дрый	adj	exact	1086-1-13	Мудрый	supplement
му́ченический	adj	none			
мы	pron	none			
на	prep	exact	0396-2-05	НА	main
наве́т	n.m	none			
наги́й	adj/n	none			
наде́жда	n.f	none			
надея́ние	n.n	none			
наме́рение	n.n	none			
напа́сть	n.f	exact	0369-2-07	Напасть	main
напра́сный	adj	none			
наро́д	n.m	none			
насле́дник	n.m	none			
наставля́ти	v	verb	0373-1-13	Наставляю	main
Наста́вница	n.f	none			
настоя́щий	adj	none			
находи́ти	v	none			
нача́ло	n.n	exact	0375-1-06	Начало	main
начина́ние	n.n	exact	0376-1-04	Начинаніе	main
наш	pron	none			
наше́ствие	n.n	none			
не	part	exact	1099-1-01	Hѣ	supplement
не́бо	n.n	none			
небе́сный	adj	none			
небу́рный	adj	none			
неве́рие	n.n	none			
неве́рный	adj/n	none			
неве́рующий	part/n	none			
Неве́ста	n.f	none			
Неневе́стный	adj	none			
невеще́ственный	adj	none			
Невмести́мый	adj/n	none			
невозвра́тно	adv	none			
недоуме́ти	v	none			
неду́г	n.m	none			
незы́блемый	adj	none			
неизрече́нный	adj	none			
неистощи́мый	adj	none			
немощны́й	adj/n	none			
ненаде́жный	adj/n	exact	0383-1-06	Ненадежный	main
неоску́дный	adj	exact	0384-1-06	Неоскудный	main
непобеди́мый	adj	none			
непоро́чный	adj	none			
непосты́дный	adj	exact	0385-2-11	Непостыдный	main
непреста́нный	adj	exact	0386-1-15	Непрестанный	main
несокруши́мый	adj	none			
несомне́нный	adj	none			
несумне́нный	adj	none			
неуязви́мый	adj	none			
нече́стие	n.n	exact	0390-1-15	Нечестїе	main
низложе́ние	n.n	none			
ни́щий	adj/n	exact	0392-1-15	Нищій	main
но	conj	none			
но́вый	adj	exact	1098-1-06	Новый	supplement
новопросвеще́нный	adj	none			
носи́ти	v	none			
нужда́	n.f	exact	0395-1-07;1098-2-05	Нужда;Нужда	main;supplement
ны́не	adv	none			
о, об	prep	exact	0396-3-02;0984-1-07	О;О	main;supplement
о	interj	exact	0396-3-02;0984-1-07	О;О	main;supplement
оба́че	conj/adv	none			
обе́т	n.m	none			
оби́димый	part/n	none			
оби́тель	n.f	none			
облича́ти	v	verb	0401-1-19	Обличаю	main
обличе́ние	n.n	exact	0401-1-20	Обличеніе	main
о́браз	n.m	exact	0403-2-07;1100-2-09	Образъ;Образъ	main;supplement
обрести́	v	none			
обстоя́ние	n.n	none			
обтека́ти	v	none			
огнь	n.m	exact	0411-2-08;1103-2-04	Огнь;Огнь	main;supplement
огражда́ти	v	none			
огражде́ние	n.n	exact	0412-1-03	Огражденіе	main
одея́ние	n.n	none			
Одиги́трия	n.prop	exact	0413-1-06	Одигитрія	main
одоле́ние	n.n	none			
одушевле́нный	adj	none			
оживля́ти	v	none			
озаря́ти	v	none			
о́ко	n.n	exact	0409-2-19;0415-2-08	Око;Око	main;main
омраче́нный	adj/part	none			
омыва́ти	v	none			
ору́жие	n.n	none			
освяще́ние	n.n	none			
освяти́ти	v	none			
осене́ние	n.n	exact	0430-1-09	Осѣненіе	main
осени́ти	v	none			
осиява́ти	v	none			
основа́ние	n.n	exact	0427-2-04;1110-1-11	Основаніе;Основаніе	main;supplement
оста́вити	v	none			
оставле́ние	n.n	exact	1110-2-07	Оставленіе	supplement
оставля́ти	v	none			
от	prep	exact	0799-1-21;1115-1-03	От;От€	main;supplement
отврати́ти	v	none			
отгна́ти, отгоня́ти	v	none			
оте́чество	n.n	none			
откры́ти	v	none			
открыва́ти	v	none			
отра́да	n.f	none			
Отрокови́ца	n.f	exact	0434-2-14	Отроковица	main
Оте́ц	n.m	exact	0431-2-13	Отецъ	main
отча́янный	adj/n	exact	1114-1-12	Отчаянный	supplement
очище́ние	n.n	none			
паде́ние	n.n	exact	0440-1-12	Паденіє	main
пала́та	n.f	exact	0441-1-14	Палата	main
па́мятовати	v	none			
паучи́на	n.f	none			
пе́ти	v	none			
пе́ние	n.n	none			
первонапи́санный	adj	none			
первообра́зный	adj/n	none			
Петр	n.prop	none			
печа́ль	n.f	exact	0458-1-05	Печаль	main
печа́льный	adj/n	exact	0458-1-07	Печальный	main
Пита́тельница	n.f	none			
пла́кати	v	exact	1120-1-06	Плакати	supplement
плод	n.m	exact	0469-2-18;1120-2-13	Плодъ;Плодъ	main;supplement
плодоно́сие	n.n	none			
плоть	n.f	none			
по	prep	exact	0495-1-15;1058-1-06	По роду и по;По	main;supplement
победи́ти	v	none			
побе́дный	adj/n	none			
пове́дати	v	none			
поги́бель	n.f	none			
под	prep	exact	0481-1-16;1124-1-04;1133-1-10	Под;Подъ;Подъ	main;supplement;supplement
подава́ти	v	none			
подоба́ти	v	exact	0478-2-08	Подобати	main
подо́бие	n.n	none			
покланя́тися	v	none			
покро́в	n.m	none			
покрыва́ти	v	none			
поле́зный	adj/n	none			
положи́ти	v	exact	0488-2-09	Положити	main
по́лчище	n.n	none			
поми́ловати	v	none			
по́мощь	n.f	none			
Помо́щница	n.f	none			
помышле́ние	n.n	exact	0492-1-12	Помышленіє	main
помяну́ти	v	none			
поруга́ти	v	none			
посеща́ти	v	none			
посеще́ние	n.n	none			
посла́ти	v	exact	0498-1-10	Послати	main
посрамля́ти	v	none			
поста́вити	v	none			
похвала́	n.f	none			
почита́ние	n.n	none			
почита́ти	v	verb	0508-2-04	Почитаю	main
пра́ведный	adj/n	exact	0509-2-11	Праведный	main
Правосла́вие	n.n	none			
правосла́вный	adj	exact	0511-1-03	Православный	main
Преблагослове́нный	adj	none			
пребыва́ти	v	none			
превы́шший	adj.comp	none			
прегреше́ние	n.n	none			
пред	prep	exact	0517-2-11;1133-1-04	Пред;Прѣдъ	main;supplement
предваря́ти	v	none			
Предве́чный	adj	none			
предгра́дие	n.n	none			
предста́тель	n.m	soft	0519-2-20	Предстател	main
Предста́тельница	n.f	none			
предста́тельство	n.n	none			
предстоя́ти	v	none			
преложи́ти	v	none			
Премилосе́рдый	adj	none			
преподо́бный	adj/n	exact	0526-2-10	Преподобный	main
Пресвяты́й	adj	none			
претворя́ти	v	none			
преукраше́нный	adj	none			
пречестны́й	adj	none			
Пречи́стый	adj	exact	0530-1-24	Пречистый	main
пречу́дный	adj	none			
преще́ние	n.n	none			
при	prep	exact	1000-1-02	при	supplement
прибега́ти	v	exact	0530-2-16	Прибѣгати	main
прибе́жище	n.n	none			
приима́ти	v	none			
призре́ние	n.n	none			
призре́ти	v	exact	0533-1-04	Призрѣти	main
прия́ти	v	none			
примире́ние	n.n	none			
принести́	v	none			
приноси́ти	v	none			
припада́ти	v	exact	0535-2-05	Припадати	main
при́сно	adv	exact	0537-1-17	Присно	main
приста́нище	n.n	none			
приступи́ти	v	none			
прису́щий	adj	none			
притека́ти	v	none			
приходи́ти	v	none			
прича́стный	adj	none			
провожда́ти	v	none			
прогоня́ти	v	none			
прозира́ти	v	none			
прозре́ние	n.n	none			
прозя́бнути	v	none			
промышле́ние	n.n	none			
пропове́дати	v	none			
проро́ческий	adj	none			
просвеща́ти	v	verb	0550-2-13	Просвѣщаю	main
просвеще́ние	n.n	none			
просла́вити, прославля́ти	v	exact	0551-2-09	Прославити	main
простре́ти	v	none			
проси́ти	v	exact	1132-1-09	Просити	supplement
проше́ние	n.n	exact	0557-1-22	Прошеніе	main
Путеводи́тельница	n.f	none			
путь	n.m	exact	0563-1-15;0563-2-02;0564-1-02	Путь;Путь;Путь	main;main;main
раб, раба́	n	exact	0570-3-02;0570-4-02;1137-2-02	Ралкъ или рабъ;Раба;Рабъ	main;main;supplement
ра́ди	postp	exact	0572-2-06	Ради	main
ра́дование	n.n	exact	0572-2-07	Радованіє	main
ра́дость	n.f	exact	1134-3-03	Радость	supplement
ра́достно	adv	exact	0573-1-02	Радостно	main
ра́доватися	v	exact	0572-2-09	Радоватися	main
ра́зве	prep/conj	none			
разруша́ти	v	none			
разруше́ние	n.n	none			
разсла́бленный	adj/n	exact	0577-1-07	Разслабленный	main
ра́зум	n.m	none			
разуме́ние	n.n	none			
ра́на	n.f	exact	0579-2-08	Рана	main
раско́л	n.m	exact	0579-2-18;0607-1-02	Расколъ;расколъ	main;main
растерза́ти	v	none			
расторга́ти	v	verb	0582-1-10	Расторгаю	main
ревнова́ти	v	none			
река́	n.f	none			
рещи́	v	none			
род	n.m	exact	0589-2-02	Родъ	main
роди́ти	v	none			
роди́тися	v	none			
Роди́тельница	n.f	none			
роса́	n.f	exact	0593-1-01;1137-1-11	Pocá;Poca	main;supplement
Росси́я	n.prop	none			
росси́йский	adj	none			
рука́	n.f	none			
ру́сский	adj	none			
ры́ба	n.f	exact	1137-2-09	Рыба	supplement
рыда́ти	v	none			
с, со	prep	exact	0689-1-07;0728-1-14;1033-2-14	C;C;Ико или со	main;main;supplement
сад	n.m	none			
сам	pron	exact	0609-2-12	Самъ	main
сбытие́	n.n	none			
свеи	n.pl	none			
свети́льник	n.m	none			
свети́ти	v	none			
све́тлый	adj	none			
свет	n.m	soft	0732-1-08	Съвѣтъ	main
светоприе́мный	adj	none			
свеща́	n.f	none			
свой	pron	exact	1139-1-04	Свой	supplement
свы́ше	adv	exact	0149-2-12	Выше и свыше	main
святы́й	adj/n	none			
святе́йший	adj.sup	none			
святи́тель	n.m	none			
святы́ня	n.f	none			
свяще́нный	adj	none			
сей	pron	exact	0626-1-07	Сей	main
се́рдце	n.n	exact	0629-2-04	Сердце	main
Серафи́м	n.pl	none			
Се́ргий	n.prop	none			
си́ла	n.f	exact	0633-1-06	Сила	main
си́льный	adj	none			
сирота́	n.f/m	none			
си́рый	adj/n	none			
си́це	adv	exact	0639-1-02	Сице	main
ско́рый	adj	none			
скорбь	n.f	none			
ско́рбный	adj	none			
скорбе́ти	v	none			
скры́ти	v	none			
сла́ва	n.f	exact	0649-2-05	Слава	main
сла́внейший	adj.sup	none			
слеза́	n.f	none			
сле́зно	adv	none			
слепы́й	adj/n	none			
Сло́во	n.n	exact	0654-1-02;0944-1-05	Слово и дѣло;слово	main;supplement
слу́шати	v	verb	0656-2-02	СЛУшАю	main
слы́шати	v	none			
слы́шание	n.n	exact	0657-1-03	Слышаніє	main
смерть	n.f	none			
смертоно́сный	adj	exact	0658-1-07	Смертоносный	main
смире́ние	n.n	exact	0659-1-03	Смиреніє	main
смысл	n.m	none			
смяте́ние	n.n	none			
соблюсти́	v	exact	0663-2-07	Соблюсти	main
соверша́ти	v	verb	0665-1-04	Совершаю	main
соверше́нный	adj	exact	0665-1-07	Совершенный	main
со́весть	n.f	none			
содева́ти(ся)	v	none			
созда́ти	v	none			
сокро́вище	n.n	none			
сокруше́ние	n.n	none			
сокруше́нный	adj	exact	0670-2-07	Сокрушенный	main
сосло́вие	n.n	none			
сотворя́ти	v	none			
сохрани́ти	v	none			
Спас	n.m	soft	0732-2-03	Съпасъ	main
спаса́ти(ся)	v	none			
спасе́ние	n.n	exact	0685-1-08	Спасеніе	main
спаси́тельный	adj	none			
Спаси́тель	n.m	exact	0685-2-03	Спаситель	main
спасти́(ся)	v	none			
списа́тель	n.m	exact	0686-1-11	Списатель	main
сподо́битися	v	none			
спосо́бствовати	v	verb	0688-1-12	Способствую	main
спребыва́ти	v	none			
сравне́ние	n.n	none			
ста́рец	n.m	exact	0696-1-04	Старецъ	main
стена́	n.f	exact	0718-1-14	Стена	main
сто́льный	adj	exact	1146-2-03	Стольный	supplement
страна́	n.f	exact	0707-1-02	Страна	main
стра́нно	adv	exact	0707-1-06	Странно	main
стра́стный	adj	none			
страх	n.m	exact	0709-1-10	Страхъ	main
сугу́бо	adv	none			
суд	n.m	exact	0724-2-02;1147-1-02	судъ;Судъ	main;supplement
сумни́тельно	adv	none			
сумни́тельный	adj	none			
супоста́т	n.m	exact	0727-2-10	Супостатъ	main
Сын	n.m	exact	0733-2-03	Cын	main
той, та	pron	exact	0769-2-09	Тои	main
та́йна	n.f	none			
таковы́й	pron/adj	none			
та́мо	adv	none			
тварь	n.f	none			
твой	pron	none			
твори́ти	v	none			
теле́сный	adj	exact	0780-2-05	Тѣлесный	main
те́ло	n.n	exact	1152-2-04	Тѣло	supplement
те́мже	conj	none			
те́плый	adj	exact	0751-2-05	Теплый	main
тещи́	v	none			
ти́хий	adj	none			
ток	n.m	exact	0762-1-16	Токъ	main
то́йжде	pron	none			
трепета́ти	v	none			
трикра́тный	adj	none			
труд	n.m	exact	0773-2-12	Трудъ	main
тща́тися	v	none			
ты	pron	none			
тьма	n.f	none			
у	prep	exact	0782-3-01;0782-4-02	Оў;Оў	main;main
увеселя́ти	v	none			
украше́ние	n.n	none			
укрепи́ти	v	none			
укрепле́ние	n.n	none			
укрепля́ти	v	none			
ум	n.m	none			
умаща́ти	v	none			
умиле́ние	n.n	exact	0792-1-13	Оумиленіє	main
умиле́нный	adj	exact	0792-1-14	Оўмиленный	main
умоли́ти	v	exact	0793-1-09	Оўмолити	main
умудри́ти	v	none			
упова́ти	v	none			
упова́ние	n.n	none			
усе́рдный	adj	none			
усе́рдно	adv	none			
уста́, устна́	n.pl	none			
устраша́ти	v	none			
устраше́ние	n.n	exact	0801-1-09	Оӱстрашеніє	main
усынови́ти	v	none			
утверди́ти	v	none			
утвержда́ти	v	none			
утвержде́ние	n.n	none			
утеше́ние	n.n	none			
Уте́шительница	n.f	none			
утоли́ти	v	exact	0803-2-03	Оутолити	main
утро́ба	n.f	none			
уче́ние	n.n	exact	0807-2-08	Оученіє	main
хвале́бный	adj	none			
хвали́ти	v	none			
хвала́	n.f	none			
Херуви́м	n.pl	exact	0821-2-05	Херувимъ	main
хода́тайство	n.n	exact	0826-2-10	Ходатайство	main
хода́тайствовати	v	verb	0826-2-12	Ходатайствую	main
Хода́таица	n.f	none			
ходи́ти	v	none			
хоте́ти	v	none			
храм	n.m	none			
храни́лище	n.n	none			
Храни́тельница	n.f	exact	0832-2-06	Хранительница	main
Христо́с	n.prop	none			
христиани́н	n.m	none			
христиа́нский	adj	none			
Христо́в	adj	none			
христолюби́вый	adj	exact	0833-2-05	Христолюбивый	main
хромы́й	adj/n	exact	0833-2-15	Хромый	main
Царегра́д	n.prop	none			
Цари́ца	n.f	none			
Ца́рствие	n.n	none			
ца́рствовати	v	none			
Царь	n.m	exact	0837-1-06	Царь	main
целому́дрие	n.n	none			
цельбоно́сный	adj	none			
Це́рковь	n.f	exact	0180-1-09;0306-2-08;0839-2-02	церковь;Крестовая палата или церковь;Церковь	main;main;main
челове́к	n.m	none			
честне́йший	adj.sup	none			
честны́й	adj	exact	0855-1-06	Честный	main
честь	n.f	exact	0855-1-10;1155-4-02	Честь;Честь	main;supplement
чи́стый	adj	exact	0861-2-11	Чистый	main
чистота́	n.f	exact	0861-2-09	Чистота	main
чти́ти	v	none			
чу́до	n.n	exact	0864-2-11	Чудо	main
чу́дный	adj	exact	0864-2-10	Чудный	main
щедро́ты	n.pl	none			
щит	n.m	none			
ю́ный	adj/n	none			
яви́ти(ся)	v	none			
явле́ние	n.n	none			
явля́ти	v	none			
я́зва	n.f	none			
язы́к	n.m	exact	0886-2-11	Языкъ	main
я́ко	conj	none			
я́коже	conj	none			
он, она, они	pron	exact	1034-1-02	Иліополь или Онъ	supplement
